xcodegen generate
⚙️  Generating plists...
⚙️  Generating project...
⚙️  Writing project...
Created project at /Users/appliedalchemylabs/Documents/Surveillance-Survivor/SurveillanceSurvivor.xcodeproj
bash scripts/run_launch_smoke.sh
== Surveillance Survivor launch-shell smoke ==
repo: /Users/appliedalchemylabs/Documents/Surveillance-Survivor
artifacts: /Users/appliedalchemylabs/Documents/Surveillance-Survivor/.launch-smoke
started: 2026-08-01T23:23:57Z
note: does NOT pass -UITesting; exercises real splash + start menu
⚙️  Generating plists...
⚙️  Generating project...
⚙️  Writing project...
Created project at /Users/appliedalchemylabs/Documents/Surveillance-Survivor/SurveillanceSurvivor.xcodeproj
destination: physical iOS id=00008150-000A6C120CB8401C team=X9M969D8M3
Command line invocation:
    /Applications/Xcode.app/Contents/Developer/usr/bin/xcodebuild -project /Users/appliedalchemylabs/Documents/Surveillance-Survivor/SurveillanceSurvivor.xcodeproj -scheme SurveillanceSurvivor -destination platform=iOS,id=00008150-000A6C120CB8401C -derivedDataPath /private/tmp/surveillance-survivor-launch-smoke-device-derived-data "-only-testing:SurveillanceSurvivorUITests/LaunchShellUITests" -resultBundlePath /Users/appliedalchemylabs/Documents/Surveillance-Survivor/.launch-smoke/LaunchShellUITests.xcresult -allowProvisioningUpdates CODE_SIGN_STYLE=Automatic DEVELOPMENT_TEAM=X9M969D8M3 CODE_SIGNING_ALLOWED=YES test

Build settings from command line:
    CODE_SIGN_STYLE = Automatic
    CODE_SIGNING_ALLOWED = YES
    DEVELOPMENT_TEAM = X9M969D8M3

Writing result bundle at path:
	/Users/appliedalchemylabs/Documents/Surveillance-Survivor/.launch-smoke/LaunchShellUITests.xcresult

ComputePackagePrebuildTargetDependencyGraph

Prepare packages

CreateBuildRequest

SendProjectDescription

CreateBuildOperation

ComputeTargetDependencyGraph
note: Building targets in dependency order
note: Target dependency graph (4 targets)
    Target 'SurveillanceSurvivorUITests' in project 'SurveillanceSurvivor'
        ➜ Explicit dependency on target 'SurveillanceSurvivor' in project 'SurveillanceSurvivor'
    Target 'SurveillanceSurvivorTests' in project 'SurveillanceSurvivor'
        ➜ Explicit dependency on target 'SurveillanceCore' in project 'SurveillanceSurvivor'
        ➜ Explicit dependency on target 'SurveillanceSurvivor' in project 'SurveillanceSurvivor'
    Target 'SurveillanceSurvivor' in project 'SurveillanceSurvivor'
        ➜ Explicit dependency on target 'SurveillanceCore' in project 'SurveillanceSurvivor'
    Target 'SurveillanceCore' in project 'SurveillanceSurvivor' (no dependencies)

GatherProvisioningInputs

CreateBuildDescription

ExecuteExternalTool /Applications/Xcode.app/Contents/Developer/Toolchains/XcodeDefault.xctoolchain/usr/bin/clang -v -E -dM -arch arm64 -isysroot /Applications/Xcode.app/Contents/Developer/Platforms/iPhoneOS.platform/Developer/SDKs/iPhoneOS26.5.sdk -x c -c /dev/null

ExecuteExternalTool /Applications/Xcode.app/Contents/Developer/Toolchains/XcodeDefault.xctoolchain/usr/bin/swiftc --version

ExecuteExternalTool /Applications/Xcode.app/Contents/Developer/usr/bin/actool --print-asset-tag-combinations --output-format xml1 /Users/appliedalchemylabs/Documents/Surveillance-Survivor/Resources/Assets.xcassets

ExecuteExternalTool /Applications/Xcode.app/Contents/Developer/Toolchains/XcodeDefault.xctoolchain/usr/bin/clang -v -E -dM -isysroot /Applications/Xcode.app/Contents/Developer/Platforms/iPhoneOS.platform/Developer/SDKs/iPhoneOS26.5.sdk -x c -c /dev/null

ExecuteExternalTool /Applications/Xcode.app/Contents/Developer/usr/bin/actool --version --output-format xml1

ExecuteExternalTool /Applications/Xcode.app/Contents/Developer/Toolchains/XcodeDefault.xctoolchain/usr/bin/ld -version_details

Build description signature: 38f2893662184bc081751bc47cc086d0
Build description path: /tmp/surveillance-survivor-launch-smoke-device-derived-data/Build/Intermediates.noindex/XCBuildData/38f2893662184bc081751bc47cc086d0.xcbuilddata
ClangStatCache /Applications/Xcode.app/Contents/Developer/Toolchains/XcodeDefault.xctoolchain/usr/bin/clang-stat-cache /Applications/Xcode.app/Contents/Developer/Platforms/iPhoneOS.platform/Developer/SDKs/iPhoneOS26.5.sdk /tmp/surveillance-survivor-launch-smoke-device-derived-data/SDKStatCaches.noindex/iphoneos26.5-23F73-32daed1954a7d5dd0789fcaf2a9bb78b.sdkstatcache
    cd /Users/appliedalchemylabs/Documents/Surveillance-Survivor/SurveillanceSurvivor.xcodeproj
    /Applications/Xcode.app/Contents/Developer/Toolchains/XcodeDefault.xctoolchain/usr/bin/clang-stat-cache /Applications/Xcode.app/Contents/Developer/Platforms/iPhoneOS.platform/Developer/SDKs/iPhoneOS26.5.sdk -o /tmp/surveillance-survivor-launch-smoke-device-derived-data/SDKStatCaches.noindex/iphoneos26.5-23F73-32daed1954a7d5dd0789fcaf2a9bb78b.sdkstatcache

SwiftDriver SurveillanceCore normal arm64 com.apple.xcode.tools.swift.compiler (in target 'SurveillanceCore' from project 'SurveillanceSurvivor')
    cd /Users/appliedalchemylabs/Documents/Surveillance-Survivor
    builtin-SwiftDriver -- /Applications/Xcode.app/Contents/Developer/Toolchains/XcodeDefault.xctoolchain/usr/bin/swiftc -module-name SurveillanceCore -Onone @/tmp/surveillance-survivor-launch-smoke-device-derived-data/Build/Intermediates.noindex/SurveillanceSurvivor.build/Debug-iphoneos/SurveillanceCore.build/Objects-normal/arm64/SurveillanceCore.SwiftFileList -DDEBUG -enable-experimental-feature DebugDescriptionMacro -sdk /Applications/Xcode.app/Contents/Developer/Platforms/iPhoneOS.platform/Developer/SDKs/iPhoneOS26.5.sdk -target arm64-apple-ios18.0 -g -module-cache-path /tmp/surveillance-survivor-launch-smoke-device-derived-data/ModuleCache.noindex -Xfrontend -serialize-debugging-options -enable-testing -index-store-path /tmp/surveillance-survivor-launch-smoke-device-derived-data/Index.noindex/DataStore -Xcc -D_LIBCPP_HARDENING_MODE\=_LIBCPP_HARDENING_MODE_DEBUG -swift-version 6 -I /tmp/surveillance-survivor-launch-smoke-device-derived-data/Build/Products/Debug-iphoneos -F /tmp/surveillance-survivor-launch-smoke-device-derived-data/Build/Products/Debug-iphoneos -c -j10 -enable-batch-mode -incremental -Xcc -ivfsstatcache -Xcc /tmp/surveillance-survivor-launch-smoke-device-derived-data/SDKStatCaches.noindex/iphoneos26.5-23F73-32daed1954a7d5dd0789fcaf2a9bb78b.sdkstatcache -output-file-map /tmp/surveillance-survivor-launch-smoke-device-derived-data/Build/Intermediates.noindex/SurveillanceSurvivor.build/Debug-iphoneos/SurveillanceCore.build/Objects-normal/arm64/SurveillanceCore-OutputFileMap.json -use-frontend-parseable-output -save-temps -no-color-diagnostics -explicit-module-build -module-cache-path /tmp/surveillance-survivor-launch-smoke-device-derived-data/Build/Intermediates.noindex/SwiftExplicitPrecompiledModules -clang-scanner-module-cache-path /tmp/surveillance-survivor-launch-smoke-device-derived-data/ModuleCache.noindex -sdk-module-cache-path /tmp/surveillance-survivor-launch-smoke-device-derived-data/ModuleCache.noindex -serialize-diagnostics -emit-dependencies -emit-module -emit-module-path /tmp/surveillance-survivor-launch-smoke-device-derived-data/Build/Intermediates.noindex/SurveillanceSurvivor.build/Debug-iphoneos/SurveillanceCore.build/Objects-normal/arm64/SurveillanceCore.swiftmodule -validate-clang-modules-once -clang-build-session-file /tmp/surveillance-survivor-launch-smoke-device-derived-data/ModuleCache.noindex/Session.modulevalidation -Xcc -I/tmp/surveillance-survivor-launch-smoke-device-derived-data/Build/Intermediates.noindex/SurveillanceSurvivor.build/Debug-iphoneos/SurveillanceCore.build/swift-overrides.hmap -emit-const-values -Xfrontend -const-gather-protocols-file -Xfrontend /tmp/surveillance-survivor-launch-smoke-device-derived-data/Build/Intermediates.noindex/SurveillanceSurvivor.build/Debug-iphoneos/SurveillanceCore.build/Objects-normal/arm64/SurveillanceCore_const_extract_protocols.json -Xcc -iquote -Xcc /tmp/surveillance-survivor-launch-smoke-device-derived-data/Build/Intermediates.noindex/SurveillanceSurvivor.build/Debug-iphoneos/SurveillanceCore.build/SurveillanceCore-generated-files.hmap -Xcc -I/tmp/surveillance-survivor-launch-smoke-device-derived-data/Build/Intermediates.noindex/SurveillanceSurvivor.build/Debug-iphoneos/SurveillanceCore.build/SurveillanceCore-own-target-headers.hmap -Xcc -I/tmp/surveillance-survivor-launch-smoke-device-derived-data/Build/Intermediates.noindex/SurveillanceSurvivor.build/Debug-iphoneos/SurveillanceCore.build/SurveillanceCore-all-non-framework-target-headers.hmap -Xcc -ivfsoverlay -Xcc /tmp/surveillance-survivor-launch-smoke-device-derived-data/Build/Intermediates.noindex/SurveillanceSurvivor.build/Debug-iphoneos/SurveillanceSurvivor-34fbea025995813710bbf8ed207b7960-VFS-iphoneos/all-product-headers.yaml -Xcc -iquote -Xcc /tmp/surveillance-survivor-launch-smoke-device-derived-data/Build/Intermediates.noindex/SurveillanceSurvivor.build/Debug-iphoneos/SurveillanceCore.build/SurveillanceCore-project-headers.hmap -Xcc -I/tmp/surveillance-survivor-launch-smoke-device-derived-data/Build/Products/Debug-iphoneos/include -Xcc -I/tmp/surveillance-survivor-launch-smoke-device-derived-data/Build/Intermediates.noindex/SurveillanceSurvivor.build/Debug-iphoneos/SurveillanceCore.build/DerivedSources-normal/arm64 -Xcc -I/tmp/surveillance-survivor-launch-smoke-device-derived-data/Build/Intermediates.noindex/SurveillanceSurvivor.build/Debug-iphoneos/SurveillanceCore.build/DerivedSources/arm64 -Xcc -I/tmp/surveillance-survivor-launch-smoke-device-derived-data/Build/Intermediates.noindex/SurveillanceSurvivor.build/Debug-iphoneos/SurveillanceCore.build/DerivedSources -Xcc -DDEBUG\=1 -emit-objc-header -emit-objc-header-path /tmp/surveillance-survivor-launch-smoke-device-derived-data/Build/Intermediates.noindex/SurveillanceSurvivor.build/Debug-iphoneos/SurveillanceCore.build/Objects-normal/arm64/SurveillanceCore-Swift.h -working-directory /Users/appliedalchemylabs/Documents/Surveillance-Survivor -experimental-emit-module-separately -disable-cmo

SwiftEmitModule normal arm64 Emitting\ module\ for\ SurveillanceCore (in target 'SurveillanceCore' from project 'SurveillanceSurvivor')

EmitSwiftModule normal arm64 (in target 'SurveillanceCore' from project 'SurveillanceSurvivor')
    cd /Users/appliedalchemylabs/Documents/Surveillance-Survivor
    

SwiftDriverJobDiscovery normal arm64 Emitting module for SurveillanceCore (in target 'SurveillanceCore' from project 'SurveillanceSurvivor')

SwiftDriver\ Compilation\ Requirements SurveillanceCore normal arm64 com.apple.xcode.tools.swift.compiler (in target 'SurveillanceCore' from project 'SurveillanceSurvivor')
    cd /Users/appliedalchemylabs/Documents/Surveillance-Survivor
    builtin-Swift-Compilation-Requirements -- /Applications/Xcode.app/Contents/Developer/Toolchains/XcodeDefault.xctoolchain/usr/bin/swiftc -module-name SurveillanceCore -Onone @/tmp/surveillance-survivor-launch-smoke-device-derived-data/Build/Intermediates.noindex/SurveillanceSurvivor.build/Debug-iphoneos/SurveillanceCore.build/Objects-normal/arm64/SurveillanceCore.SwiftFileList -DDEBUG -enable-experimental-feature DebugDescriptionMacro -sdk /Applications/Xcode.app/Contents/Developer/Platforms/iPhoneOS.platform/Developer/SDKs/iPhoneOS26.5.sdk -target arm64-apple-ios18.0 -g -module-cache-path /tmp/surveillance-survivor-launch-smoke-device-derived-data/ModuleCache.noindex -Xfrontend -serialize-debugging-options -enable-testing -index-store-path /tmp/surveillance-survivor-launch-smoke-device-derived-data/Index.noindex/DataStore -Xcc -D_LIBCPP_HARDENING_MODE\=_LIBCPP_HARDENING_MODE_DEBUG -swift-version 6 -I /tmp/surveillance-survivor-launch-smoke-device-derived-data/Build/Products/Debug-iphoneos -F /tmp/surveillance-survivor-launch-smoke-device-derived-data/Build/Products/Debug-iphoneos -c -j10 -enable-batch-mode -incremental -Xcc -ivfsstatcache -Xcc /tmp/surveillance-survivor-launch-smoke-device-derived-data/SDKStatCaches.noindex/iphoneos26.5-23F73-32daed1954a7d5dd0789fcaf2a9bb78b.sdkstatcache -output-file-map /tmp/surveillance-survivor-launch-smoke-device-derived-data/Build/Intermediates.noindex/SurveillanceSurvivor.build/Debug-iphoneos/SurveillanceCore.build/Objects-normal/arm64/SurveillanceCore-OutputFileMap.json -use-frontend-parseable-output -save-temps -no-color-diagnostics -explicit-module-build -module-cache-path /tmp/surveillance-survivor-launch-smoke-device-derived-data/Build/Intermediates.noindex/SwiftExplicitPrecompiledModules -clang-scanner-module-cache-path /tmp/surveillance-survivor-launch-smoke-device-derived-data/ModuleCache.noindex -sdk-module-cache-path /tmp/surveillance-survivor-launch-smoke-device-derived-data/ModuleCache.noindex -serialize-diagnostics -emit-dependencies -emit-module -emit-module-path /tmp/surveillance-survivor-launch-smoke-device-derived-data/Build/Intermediates.noindex/SurveillanceSurvivor.build/Debug-iphoneos/SurveillanceCore.build/Objects-normal/arm64/SurveillanceCore.swiftmodule -validate-clang-modules-once -clang-build-session-file /tmp/surveillance-survivor-launch-smoke-device-derived-data/ModuleCache.noindex/Session.modulevalidation -Xcc -I/tmp/surveillance-survivor-launch-smoke-device-derived-data/Build/Intermediates.noindex/SurveillanceSurvivor.build/Debug-iphoneos/SurveillanceCore.build/swift-overrides.hmap -emit-const-values -Xfrontend -const-gather-protocols-file -Xfrontend /tmp/surveillance-survivor-launch-smoke-device-derived-data/Build/Intermediates.noindex/SurveillanceSurvivor.build/Debug-iphoneos/SurveillanceCore.build/Objects-normal/arm64/SurveillanceCore_const_extract_protocols.json -Xcc -iquote -Xcc /tmp/surveillance-survivor-launch-smoke-device-derived-data/Build/Intermediates.noindex/SurveillanceSurvivor.build/Debug-iphoneos/SurveillanceCore.build/SurveillanceCore-generated-files.hmap -Xcc -I/tmp/surveillance-survivor-launch-smoke-device-derived-data/Build/Intermediates.noindex/SurveillanceSurvivor.build/Debug-iphoneos/SurveillanceCore.build/SurveillanceCore-own-target-headers.hmap -Xcc -I/tmp/surveillance-survivor-launch-smoke-device-derived-data/Build/Intermediates.noindex/SurveillanceSurvivor.build/Debug-iphoneos/SurveillanceCore.build/SurveillanceCore-all-non-framework-target-headers.hmap -Xcc -ivfsoverlay -Xcc /tmp/surveillance-survivor-launch-smoke-device-derived-data/Build/Intermediates.noindex/SurveillanceSurvivor.build/Debug-iphoneos/SurveillanceSurvivor-34fbea025995813710bbf8ed207b7960-VFS-iphoneos/all-product-headers.yaml -Xcc -iquote -Xcc /tmp/surveillance-survivor-launch-smoke-device-derived-data/Build/Intermediates.noindex/SurveillanceSurvivor.build/Debug-iphoneos/SurveillanceCore.build/SurveillanceCore-project-headers.hmap -Xcc -I/tmp/surveillance-survivor-launch-smoke-device-derived-data/Build/Products/Debug-iphoneos/include -Xcc -I/tmp/surveillance-survivor-launch-smoke-device-derived-data/Build/Intermediates.noindex/SurveillanceSurvivor.build/Debug-iphoneos/SurveillanceCore.build/DerivedSources-normal/arm64 -Xcc -I/tmp/surveillance-survivor-launch-smoke-device-derived-data/Build/Intermediates.noindex/SurveillanceSurvivor.build/Debug-iphoneos/SurveillanceCore.build/DerivedSources/arm64 -Xcc -I/tmp/surveillance-survivor-launch-smoke-device-derived-data/Build/Intermediates.noindex/SurveillanceSurvivor.build/Debug-iphoneos/SurveillanceCore.build/DerivedSources -Xcc -DDEBUG\=1 -emit-objc-header -emit-objc-header-path /tmp/surveillance-survivor-launch-smoke-device-derived-data/Build/Intermediates.noindex/SurveillanceSurvivor.build/Debug-iphoneos/SurveillanceCore.build/Objects-normal/arm64/SurveillanceCore-Swift.h -working-directory /Users/appliedalchemylabs/Documents/Surveillance-Survivor -experimental-emit-module-separately -disable-cmo

SwiftCompile normal arm64 Compiling\ UpgradeCatalog.swift /Users/appliedalchemylabs/Documents/Surveillance-Survivor/Sources/SurveillanceCore/UpgradeCatalog.swift (in target 'SurveillanceCore' from project 'SurveillanceSurvivor')

SwiftCompile normal arm64 /Users/appliedalchemylabs/Documents/Surveillance-Survivor/Sources/SurveillanceCore/UpgradeCatalog.swift (in target 'SurveillanceCore' from project 'SurveillanceSurvivor')
    cd /Users/appliedalchemylabs/Documents/Surveillance-Survivor
    

SwiftCompile normal arm64 Compiling\ RunState.swift /Users/appliedalchemylabs/Documents/Surveillance-Survivor/Sources/SurveillanceCore/RunState.swift (in target 'SurveillanceCore' from project 'SurveillanceSurvivor')

SwiftCompile normal arm64 /Users/appliedalchemylabs/Documents/Surveillance-Survivor/Sources/SurveillanceCore/RunState.swift (in target 'SurveillanceCore' from project 'SurveillanceSurvivor')
    cd /Users/appliedalchemylabs/Documents/Surveillance-Survivor
    

SwiftCompile normal arm64 Compiling\ Simulation.swift /Users/appliedalchemylabs/Documents/Surveillance-Survivor/Sources/SurveillanceCore/Simulation.swift (in target 'SurveillanceCore' from project 'SurveillanceSurvivor')
SwiftCompile normal arm64 /Users/appliedalchemylabs/Documents/Surveillance-Survivor/Sources/SurveillanceCore/Simulation.swift (in target 'SurveillanceCore' from project 'SurveillanceSurvivor')
    cd /Users/appliedalchemylabs/Documents/Surveillance-Survivor
    

SwiftDriverJobDiscovery normal arm64 Compiling RunState.swift (in target 'SurveillanceCore' from project 'SurveillanceSurvivor')

SwiftCompile normal arm64 Compiling\ ContentGraphValidator.swift /Users/appliedalchemylabs/Documents/Surveillance-Survivor/Sources/SurveillanceCore/ContentGraphValidator.swift (in target 'SurveillanceCore' from project 'SurveillanceSurvivor')

SwiftCompile normal arm64 /Users/appliedalchemylabs/Documents/Surveillance-Survivor/Sources/SurveillanceCore/ContentGraphValidator.swift (in target 'SurveillanceCore' from project 'SurveillanceSurvivor')
    cd /Users/appliedalchemylabs/Documents/Surveillance-Survivor
    

SwiftCompile normal arm64 Compiling\ ClearingBuilds.swift /Users/appliedalchemylabs/Documents/Surveillance-Survivor/Sources/SurveillanceCore/ClearingBuilds.swift (in target 'SurveillanceCore' from project 'SurveillanceSurvivor')

SwiftCompile normal arm64 /Users/appliedalchemylabs/Documents/Surveillance-Survivor/Sources/SurveillanceCore/ClearingBuilds.swift (in target 'SurveillanceCore' from project 'SurveillanceSurvivor')
    cd /Users/appliedalchemylabs/Documents/Surveillance-Survivor
    

SwiftCompile normal arm64 Compiling\ AudioScene.swift /Users/appliedalchemylabs/Documents/Surveillance-Survivor/Sources/SurveillanceCore/AudioScene.swift (in target 'SurveillanceCore' from project 'SurveillanceSurvivor')

SwiftCompile normal arm64 /Users/appliedalchemylabs/Documents/Surveillance-Survivor/Sources/SurveillanceCore/AudioScene.swift (in target 'SurveillanceCore' from project 'SurveillanceSurvivor')
    cd /Users/appliedalchemylabs/Documents/Surveillance-Survivor
    

SwiftCompile normal arm64 Compiling\ BuildEngine.swift /Users/appliedalchemylabs/Documents/Surveillance-Survivor/Sources/SurveillanceCore/BuildEngine.swift (in target 'SurveillanceCore' from project 'SurveillanceSurvivor')

SwiftCompile normal arm64 /Users/appliedalchemylabs/Documents/Surveillance-Survivor/Sources/SurveillanceCore/BuildEngine.swift (in target 'SurveillanceCore' from project 'SurveillanceSurvivor')
    cd /Users/appliedalchemylabs/Documents/Surveillance-Survivor
    

SwiftCompile normal arm64 Compiling\ RunStory.swift /Users/appliedalchemylabs/Documents/Surveillance-Survivor/Sources/SurveillanceCore/RunStory.swift (in target 'SurveillanceCore' from project 'SurveillanceSurvivor')

SwiftCompile normal arm64 /Users/appliedalchemylabs/Documents/Surveillance-Survivor/Sources/SurveillanceCore/RunStory.swift (in target 'SurveillanceCore' from project 'SurveillanceSurvivor')
    cd /Users/appliedalchemylabs/Documents/Surveillance-Survivor
    

SwiftCompile normal arm64 Compiling\ MasteryProgress.swift /Users/appliedalchemylabs/Documents/Surveillance-Survivor/Sources/SurveillanceCore/MasteryProgress.swift (in target 'SurveillanceCore' from project 'SurveillanceSurvivor')

SwiftCompile normal arm64 /Users/appliedalchemylabs/Documents/Surveillance-Survivor/Sources/SurveillanceCore/MasteryProgress.swift (in target 'SurveillanceCore' from project 'SurveillanceSurvivor')
    cd /Users/appliedalchemylabs/Documents/Surveillance-Survivor
    

SwiftCompile normal arm64 Compiling\ RunReceipt.swift /Users/appliedalchemylabs/Documents/Surveillance-Survivor/Sources/SurveillanceCore/RunReceipt.swift (in target 'SurveillanceCore' from project 'SurveillanceSurvivor')

SwiftCompile normal arm64 /Users/appliedalchemylabs/Documents/Surveillance-Survivor/Sources/SurveillanceCore/RunReceipt.swift (in target 'SurveillanceCore' from project 'SurveillanceSurvivor')
    cd /Users/appliedalchemylabs/Documents/Surveillance-Survivor
    

SwiftCompile normal arm64 Compiling\ UpgradeOfferBias.swift /Users/appliedalchemylabs/Documents/Surveillance-Survivor/Sources/SurveillanceCore/UpgradeOfferBias.swift (in target 'SurveillanceCore' from project 'SurveillanceSurvivor')

SwiftCompile normal arm64 /Users/appliedalchemylabs/Documents/Surveillance-Survivor/Sources/SurveillanceCore/UpgradeOfferBias.swift (in target 'SurveillanceCore' from project 'SurveillanceSurvivor')
    cd /Users/appliedalchemylabs/Documents/Surveillance-Survivor
    

SwiftDriverJobDiscovery normal arm64 Compiling UpgradeCatalog.swift (in target 'SurveillanceCore' from project 'SurveillanceSurvivor')

SwiftDriverJobDiscovery normal arm64 Compiling UpgradeOfferBias.swift (in target 'SurveillanceCore' from project 'SurveillanceSurvivor')

SwiftDriverJobDiscovery normal arm64 Compiling ClearingBuilds.swift (in target 'SurveillanceCore' from project 'SurveillanceSurvivor')

SwiftDriverJobDiscovery normal arm64 Compiling RunReceipt.swift (in target 'SurveillanceCore' from project 'SurveillanceSurvivor')

SwiftDriverJobDiscovery normal arm64 Compiling AudioScene.swift (in target 'SurveillanceCore' from project 'SurveillanceSurvivor')

SwiftDriverJobDiscovery normal arm64 Compiling MasteryProgress.swift (in target 'SurveillanceCore' from project 'SurveillanceSurvivor')

SwiftDriverJobDiscovery normal arm64 Compiling ContentGraphValidator.swift (in target 'SurveillanceCore' from project 'SurveillanceSurvivor')

SwiftDriverJobDiscovery normal arm64 Compiling RunStory.swift (in target 'SurveillanceCore' from project 'SurveillanceSurvivor')

SwiftDriverJobDiscovery normal arm64 Compiling BuildEngine.swift (in target 'SurveillanceCore' from project 'SurveillanceSurvivor')

SwiftDriverJobDiscovery normal arm64 Compiling Simulation.swift (in target 'SurveillanceCore' from project 'SurveillanceSurvivor')

SwiftDriver\ Compilation SurveillanceCore normal arm64 com.apple.xcode.tools.swift.compiler (in target 'SurveillanceCore' from project 'SurveillanceSurvivor')
    cd /Users/appliedalchemylabs/Documents/Surveillance-Survivor
    builtin-Swift-Compilation -- /Applications/Xcode.app/Contents/Developer/Toolchains/XcodeDefault.xctoolchain/usr/bin/swiftc -module-name SurveillanceCore -Onone @/tmp/surveillance-survivor-launch-smoke-device-derived-data/Build/Intermediates.noindex/SurveillanceSurvivor.build/Debug-iphoneos/SurveillanceCore.build/Objects-normal/arm64/SurveillanceCore.SwiftFileList -DDEBUG -enable-experimental-feature DebugDescriptionMacro -sdk /Applications/Xcode.app/Contents/Developer/Platforms/iPhoneOS.platform/Developer/SDKs/iPhoneOS26.5.sdk -target arm64-apple-ios18.0 -g -module-cache-path /tmp/surveillance-survivor-launch-smoke-device-derived-data/ModuleCache.noindex -Xfrontend -serialize-debugging-options -enable-testing -index-store-path /tmp/surveillance-survivor-launch-smoke-device-derived-data/Index.noindex/DataStore -Xcc -D_LIBCPP_HARDENING_MODE\=_LIBCPP_HARDENING_MODE_DEBUG -swift-version 6 -I /tmp/surveillance-survivor-launch-smoke-device-derived-data/Build/Products/Debug-iphoneos -F /tmp/surveillance-survivor-launch-smoke-device-derived-data/Build/Products/Debug-iphoneos -c -j10 -enable-batch-mode -incremental -Xcc -ivfsstatcache -Xcc /tmp/surveillance-survivor-launch-smoke-device-derived-data/SDKStatCaches.noindex/iphoneos26.5-23F73-32daed1954a7d5dd0789fcaf2a9bb78b.sdkstatcache -output-file-map /tmp/surveillance-survivor-launch-smoke-device-derived-data/Build/Intermediates.noindex/SurveillanceSurvivor.build/Debug-iphoneos/SurveillanceCore.build/Objects-normal/arm64/SurveillanceCore-OutputFileMap.json -use-frontend-parseable-output -save-temps -no-color-diagnostics -explicit-module-build -module-cache-path /tmp/surveillance-survivor-launch-smoke-device-derived-data/Build/Intermediates.noindex/SwiftExplicitPrecompiledModules -clang-scanner-module-cache-path /tmp/surveillance-survivor-launch-smoke-device-derived-data/ModuleCache.noindex -sdk-module-cache-path /tmp/surveillance-survivor-launch-smoke-device-derived-data/ModuleCache.noindex -serialize-diagnostics -emit-dependencies -emit-module -emit-module-path /tmp/surveillance-survivor-launch-smoke-device-derived-data/Build/Intermediates.noindex/SurveillanceSurvivor.build/Debug-iphoneos/SurveillanceCore.build/Objects-normal/arm64/SurveillanceCore.swiftmodule -validate-clang-modules-once -clang-build-session-file /tmp/surveillance-survivor-launch-smoke-device-derived-data/ModuleCache.noindex/Session.modulevalidation -Xcc -I/tmp/surveillance-survivor-launch-smoke-device-derived-data/Build/Intermediates.noindex/SurveillanceSurvivor.build/Debug-iphoneos/SurveillanceCore.build/swift-overrides.hmap -emit-const-values -Xfrontend -const-gather-protocols-file -Xfrontend /tmp/surveillance-survivor-launch-smoke-device-derived-data/Build/Intermediates.noindex/SurveillanceSurvivor.build/Debug-iphoneos/SurveillanceCore.build/Objects-normal/arm64/SurveillanceCore_const_extract_protocols.json -Xcc -iquote -Xcc /tmp/surveillance-survivor-launch-smoke-device-derived-data/Build/Intermediates.noindex/SurveillanceSurvivor.build/Debug-iphoneos/SurveillanceCore.build/SurveillanceCore-generated-files.hmap -Xcc -I/tmp/surveillance-survivor-launch-smoke-device-derived-data/Build/Intermediates.noindex/SurveillanceSurvivor.build/Debug-iphoneos/SurveillanceCore.build/SurveillanceCore-own-target-headers.hmap -Xcc -I/tmp/surveillance-survivor-launch-smoke-device-derived-data/Build/Intermediates.noindex/SurveillanceSurvivor.build/Debug-iphoneos/SurveillanceCore.build/SurveillanceCore-all-non-framework-target-headers.hmap -Xcc -ivfsoverlay -Xcc /tmp/surveillance-survivor-launch-smoke-device-derived-data/Build/Intermediates.noindex/SurveillanceSurvivor.build/Debug-iphoneos/SurveillanceSurvivor-34fbea025995813710bbf8ed207b7960-VFS-iphoneos/all-product-headers.yaml -Xcc -iquote -Xcc /tmp/surveillance-survivor-launch-smoke-device-derived-data/Build/Intermediates.noindex/SurveillanceSurvivor.build/Debug-iphoneos/SurveillanceCore.build/SurveillanceCore-project-headers.hmap -Xcc -I/tmp/surveillance-survivor-launch-smoke-device-derived-data/Build/Products/Debug-iphoneos/include -Xcc -I/tmp/surveillance-survivor-launch-smoke-device-derived-data/Build/Intermediates.noindex/SurveillanceSurvivor.build/Debug-iphoneos/SurveillanceCore.build/DerivedSources-normal/arm64 -Xcc -I/tmp/surveillance-survivor-launch-smoke-device-derived-data/Build/Intermediates.noindex/SurveillanceSurvivor.build/Debug-iphoneos/SurveillanceCore.build/DerivedSources/arm64 -Xcc -I/tmp/surveillance-survivor-launch-smoke-device-derived-data/Build/Intermediates.noindex/SurveillanceSurvivor.build/Debug-iphoneos/SurveillanceCore.build/DerivedSources -Xcc -DDEBUG\=1 -emit-objc-header -emit-objc-header-path /tmp/surveillance-survivor-launch-smoke-device-derived-data/Build/Intermediates.noindex/SurveillanceSurvivor.build/Debug-iphoneos/SurveillanceCore.build/Objects-normal/arm64/SurveillanceCore-Swift.h -working-directory /Users/appliedalchemylabs/Documents/Surveillance-Survivor -experimental-emit-module-separately -disable-cmo

Ld /tmp/surveillance-survivor-launch-smoke-device-derived-data/Build/Products/Debug-iphoneos/SurveillanceCore.framework/SurveillanceCore normal (in target 'SurveillanceCore' from project 'SurveillanceSurvivor')
    cd /Users/appliedalchemylabs/Documents/Surveillance-Survivor
    /Applications/Xcode.app/Contents/Developer/Toolchains/XcodeDefault.xctoolchain/usr/bin/clang -Xlinker -reproducible -target arm64-apple-ios18.0 -dynamiclib -isysroot /Applications/Xcode.app/Contents/Developer/Platforms/iPhoneOS.platform/Developer/SDKs/iPhoneOS26.5.sdk -O0 -L/tmp/surveillance-survivor-launch-smoke-device-derived-data/Build/Intermediates.noindex/EagerLinkingTBDs/Debug-iphoneos -L/tmp/surveillance-survivor-launch-smoke-device-derived-data/Build/Products/Debug-iphoneos -F/tmp/surveillance-survivor-launch-smoke-device-derived-data/Build/Intermediates.noindex/EagerLinkingTBDs/Debug-iphoneos -F/tmp/surveillance-survivor-launch-smoke-device-derived-data/Build/Products/Debug-iphoneos -filelist /tmp/surveillance-survivor-launch-smoke-device-derived-data/Build/Intermediates.noindex/SurveillanceSurvivor.build/Debug-iphoneos/SurveillanceCore.build/Objects-normal/arm64/SurveillanceCore.LinkFileList -install_name @rpath/SurveillanceCore.framework/SurveillanceCore -Xlinker -rpath -Xlinker /usr/lib/swift -Xlinker -rpath -Xlinker @executable_path/Frameworks -Xlinker -dead_strip -Xlinker -object_path_lto -Xlinker /tmp/surveillance-survivor-launch-smoke-device-derived-data/Build/Intermediates.noindex/SurveillanceSurvivor.build/Debug-iphoneos/SurveillanceCore.build/Objects-normal/arm64/SurveillanceCore_lto.o -rdynamic -Xlinker -no_deduplicate -Xlinker -dependency_info -Xlinker /tmp/surveillance-survivor-launch-smoke-device-derived-data/Build/Intermediates.noindex/SurveillanceSurvivor.build/Debug-iphoneos/SurveillanceCore.build/Objects-normal/arm64/SurveillanceCore_dependency_info.dat -fobjc-link-runtime -L/Applications/Xcode.app/Contents/Developer/Toolchains/XcodeDefault.xctoolchain/usr/lib/swift/iphoneos -L/usr/lib/swift -Xlinker -add_ast_path -Xlinker /tmp/surveillance-survivor-launch-smoke-device-derived-data/Build/Intermediates.noindex/SurveillanceSurvivor.build/Debug-iphoneos/SurveillanceCore.build/Objects-normal/arm64/SurveillanceCore.swiftmodule @/tmp/surveillance-survivor-launch-smoke-device-derived-data/Build/Intermediates.noindex/SurveillanceSurvivor.build/Debug-iphoneos/SurveillanceCore.build/Objects-normal/arm64/SurveillanceCore-linker-args.resp -compatibility_version 1 -current_version 1 -o /tmp/surveillance-survivor-launch-smoke-device-derived-data/Build/Products/Debug-iphoneos/SurveillanceCore.framework/SurveillanceCore

CpResource /tmp/surveillance-survivor-launch-smoke-device-derived-data/Build/Products/Debug-iphoneos/SurveillanceCore.framework/build_synergies.json /Users/appliedalchemylabs/Documents/Surveillance-Survivor/Sources/SurveillanceCore/Resources/Content/build_synergies.json (in target 'SurveillanceCore' from project 'SurveillanceSurvivor')
    cd /Users/appliedalchemylabs/Documents/Surveillance-Survivor
    builtin-copy -exclude .DS_Store -exclude CVS -exclude .svn -exclude .git -exclude .hg -resolve-src-symlinks /Users/appliedalchemylabs/Documents/Surveillance-Survivor/Sources/SurveillanceCore/Resources/Content/build_synergies.json /tmp/surveillance-survivor-launch-smoke-device-derived-data/Build/Products/Debug-iphoneos/SurveillanceCore.framework

Copy /tmp/surveillance-survivor-launch-smoke-device-derived-data/Build/Products/Debug-iphoneos/SurveillanceCore.framework/Modules/SurveillanceCore.swiftmodule/arm64-apple-ios.swiftmodule /tmp/surveillance-survivor-launch-smoke-device-derived-data/Build/Intermediates.noindex/SurveillanceSurvivor.build/Debug-iphoneos/SurveillanceCore.build/Objects-normal/arm64/SurveillanceCore.swiftmodule (in target 'SurveillanceCore' from project 'SurveillanceSurvivor')
    cd /Users/appliedalchemylabs/Documents/Surveillance-Survivor
    builtin-copy -exclude .DS_Store -exclude CVS -exclude .svn -exclude .git -exclude .hg -resolve-src-symlinks -rename /tmp/surveillance-survivor-launch-smoke-device-derived-data/Build/Intermediates.noindex/SurveillanceSurvivor.build/Debug-iphoneos/SurveillanceCore.build/Objects-normal/arm64/SurveillanceCore.swiftmodule /tmp/surveillance-survivor-launch-smoke-device-derived-data/Build/Products/Debug-iphoneos/SurveillanceCore.framework/Modules/SurveillanceCore.swiftmodule/arm64-apple-ios.swiftmodule

Copy /tmp/surveillance-survivor-launch-smoke-device-derived-data/Build/Products/Debug-iphoneos/SurveillanceCore.framework/Modules/SurveillanceCore.swiftmodule/arm64-apple-ios.swiftdoc /tmp/surveillance-survivor-launch-smoke-device-derived-data/Build/Intermediates.noindex/SurveillanceSurvivor.build/Debug-iphoneos/SurveillanceCore.build/Objects-normal/arm64/SurveillanceCore.swiftdoc (in target 'SurveillanceCore' from project 'SurveillanceSurvivor')
    cd /Users/appliedalchemylabs/Documents/Surveillance-Survivor
    builtin-copy -exclude .DS_Store -exclude CVS -exclude .svn -exclude .git -exclude .hg -resolve-src-symlinks -rename /tmp/surveillance-survivor-launch-smoke-device-derived-data/Build/Intermediates.noindex/SurveillanceSurvivor.build/Debug-iphoneos/SurveillanceCore.build/Objects-normal/arm64/SurveillanceCore.swiftdoc /tmp/surveillance-survivor-launch-smoke-device-derived-data/Build/Products/Debug-iphoneos/SurveillanceCore.framework/Modules/SurveillanceCore.swiftmodule/arm64-apple-ios.swiftdoc

Copy /tmp/surveillance-survivor-launch-smoke-device-derived-data/Build/Products/Debug-iphoneos/SurveillanceCore.framework/Modules/SurveillanceCore.swiftmodule/arm64-apple-ios.abi.json /tmp/surveillance-survivor-launch-smoke-device-derived-data/Build/Intermediates.noindex/SurveillanceSurvivor.build/Debug-iphoneos/SurveillanceCore.build/Objects-normal/arm64/SurveillanceCore.abi.json (in target 'SurveillanceCore' from project 'SurveillanceSurvivor')
    cd /Users/appliedalchemylabs/Documents/Surveillance-Survivor
    builtin-copy -exclude .DS_Store -exclude CVS -exclude .svn -exclude .git -exclude .hg -resolve-src-symlinks -rename /tmp/surveillance-survivor-launch-smoke-device-derived-data/Build/Intermediates.noindex/SurveillanceSurvivor.build/Debug-iphoneos/SurveillanceCore.build/Objects-normal/arm64/SurveillanceCore.abi.json /tmp/surveillance-survivor-launch-smoke-device-derived-data/Build/Products/Debug-iphoneos/SurveillanceCore.framework/Modules/SurveillanceCore.swiftmodule/arm64-apple-ios.abi.json

CpResource /tmp/surveillance-survivor-launch-smoke-device-derived-data/Build/Products/Debug-iphoneos/SurveillanceCore.framework/upgrades.json /Users/appliedalchemylabs/Documents/Surveillance-Survivor/Sources/SurveillanceCore/Resources/Content/upgrades.json (in target 'SurveillanceCore' from project 'SurveillanceSurvivor')
    cd /Users/appliedalchemylabs/Documents/Surveillance-Survivor
    builtin-copy -exclude .DS_Store -exclude CVS -exclude .svn -exclude .git -exclude .hg -resolve-src-symlinks /Users/appliedalchemylabs/Documents/Surveillance-Survivor/Sources/SurveillanceCore/Resources/Content/upgrades.json /tmp/surveillance-survivor-launch-smoke-device-derived-data/Build/Products/Debug-iphoneos/SurveillanceCore.framework

Copy /tmp/surveillance-survivor-launch-smoke-device-derived-data/Build/Products/Debug-iphoneos/SurveillanceCore.framework/Modules/SurveillanceCore.swiftmodule/Project/arm64-apple-ios.swiftsourceinfo /tmp/surveillance-survivor-launch-smoke-device-derived-data/Build/Intermediates.noindex/SurveillanceSurvivor.build/Debug-iphoneos/SurveillanceCore.build/Objects-normal/arm64/SurveillanceCore.swiftsourceinfo (in target 'SurveillanceCore' from project 'SurveillanceSurvivor')
    cd /Users/appliedalchemylabs/Documents/Surveillance-Survivor
    builtin-copy -exclude .DS_Store -exclude CVS -exclude .svn -exclude .git -exclude .hg -resolve-src-symlinks -rename /tmp/surveillance-survivor-launch-smoke-device-derived-data/Build/Intermediates.noindex/SurveillanceSurvivor.build/Debug-iphoneos/SurveillanceCore.build/Objects-normal/arm64/SurveillanceCore.swiftsourceinfo /tmp/surveillance-survivor-launch-smoke-device-derived-data/Build/Products/Debug-iphoneos/SurveillanceCore.framework/Modules/SurveillanceCore.swiftmodule/Project/arm64-apple-ios.swiftsourceinfo

ProcessInfoPlistFile /tmp/surveillance-survivor-launch-smoke-device-derived-data/Build/Products/Debug-iphoneos/SurveillanceCore.framework/Info.plist /tmp/surveillance-survivor-launch-smoke-device-derived-data/Build/Intermediates.noindex/SurveillanceSurvivor.build/Debug-iphoneos/SurveillanceCore.build/empty-SurveillanceCore.plist (in target 'SurveillanceCore' from project 'SurveillanceSurvivor')
    cd /Users/appliedalchemylabs/Documents/Surveillance-Survivor
    builtin-infoPlistUtility /tmp/surveillance-survivor-launch-smoke-device-derived-data/Build/Intermediates.noindex/SurveillanceSurvivor.build/Debug-iphoneos/SurveillanceCore.build/empty-SurveillanceCore.plist -producttype com.apple.product-type.framework -expandbuildsettings -format binary -platform iphoneos -requiredArchitecture arm64 -o /tmp/surveillance-survivor-launch-smoke-device-derived-data/Build/Products/Debug-iphoneos/SurveillanceCore.framework/Info.plist

ExtractAppIntentsMetadata (in target 'SurveillanceCore' from project 'SurveillanceSurvivor')
    cd /Users/appliedalchemylabs/Documents/Surveillance-Survivor
    /Applications/Xcode.app/Contents/Developer/Toolchains/XcodeDefault.xctoolchain/usr/bin/appintentsmetadataprocessor --toolchain-dir /Applications/Xcode.app/Contents/Developer/Toolchains/XcodeDefault.xctoolchain --module-name SurveillanceCore --sdk-root /Applications/Xcode.app/Contents/Developer/Platforms/iPhoneOS.platform/Developer/SDKs/iPhoneOS26.5.sdk --xcode-version 17F42 --platform-family iOS --deployment-target 18.0 --bundle-identifier life.zerostate.surveillancesurvivor.core --output /tmp/surveillance-survivor-launch-smoke-device-derived-data/Build/Products/Debug-iphoneos/SurveillanceCore.framework --target-triple arm64-apple-ios18.0 --binary-file /tmp/surveillance-survivor-launch-smoke-device-derived-data/Build/Products/Debug-iphoneos/SurveillanceCore.framework/SurveillanceCore --dependency-file /tmp/surveillance-survivor-launch-smoke-device-derived-data/Build/Intermediates.noindex/SurveillanceSurvivor.build/Debug-iphoneos/SurveillanceCore.build/Objects-normal/arm64/SurveillanceCore_dependency_info.dat --stringsdata-file /tmp/surveillance-survivor-launch-smoke-device-derived-data/Build/Intermediates.noindex/SurveillanceSurvivor.build/Debug-iphoneos/SurveillanceCore.build/Objects-normal/arm64/ExtractedAppShortcutsMetadata.stringsdata --source-file-list /tmp/surveillance-survivor-launch-smoke-device-derived-data/Build/Intermediates.noindex/SurveillanceSurvivor.build/Debug-iphoneos/SurveillanceCore.build/Objects-normal/arm64/SurveillanceCore.SwiftFileList --metadata-file-list /tmp/surveillance-survivor-launch-smoke-device-derived-data/Build/Intermediates.noindex/SurveillanceSurvivor.build/Debug-iphoneos/SurveillanceCore.build/SurveillanceCore.DependencyMetadataFileList --static-metadata-file-list /tmp/surveillance-survivor-launch-smoke-device-derived-data/Build/Intermediates.noindex/SurveillanceSurvivor.build/Debug-iphoneos/SurveillanceCore.build/SurveillanceCore.DependencyStaticMetadataFileList --swift-const-vals-list /tmp/surveillance-survivor-launch-smoke-device-derived-data/Build/Intermediates.noindex/SurveillanceSurvivor.build/Debug-iphoneos/SurveillanceCore.build/Objects-normal/arm64/SurveillanceCore.SwiftConstValuesFileList --compile-time-extraction --deployment-aware-processing --validate-assistant-intents --no-app-shortcuts-localization
2026-08-01 16:24:04.956 appintentsmetadataprocessor[47077:28855607] Starting appintentsmetadataprocessor export
2026-08-01 16:24:04.958 appintentsmetadataprocessor[47077:28855607] warning: Metadata extraction skipped. No AppIntents.framework dependency found.

GenerateTAPI /tmp/surveillance-survivor-launch-smoke-device-derived-data/Build/Intermediates.noindex/EagerLinkingTBDs/Debug-iphoneos/SurveillanceCore.framework/SurveillanceCore.tbd (in target 'SurveillanceCore' from project 'SurveillanceSurvivor')
    cd /Users/appliedalchemylabs/Documents/Surveillance-Survivor
    /Applications/Xcode.app/Contents/Developer/Toolchains/XcodeDefault.xctoolchain/usr/bin/tapi stubify -isysroot /Applications/Xcode.app/Contents/Developer/Platforms/iPhoneOS.platform/Developer/SDKs/iPhoneOS26.5.sdk -F/tmp/surveillance-survivor-launch-smoke-device-derived-data/Build/Products/Debug-iphoneos -L/tmp/surveillance-survivor-launch-smoke-device-derived-data/Build/Products/Debug-iphoneos /tmp/surveillance-survivor-launch-smoke-device-derived-data/Build/Products/Debug-iphoneos/SurveillanceCore.framework/SurveillanceCore -o /tmp/surveillance-survivor-launch-smoke-device-derived-data/Build/Intermediates.noindex/EagerLinkingTBDs/Debug-iphoneos/SurveillanceCore.framework/SurveillanceCore.tbd

SwiftDriver SurveillanceSurvivor normal arm64 com.apple.xcode.tools.swift.compiler (in target 'SurveillanceSurvivor' from project 'SurveillanceSurvivor')
    cd /Users/appliedalchemylabs/Documents/Surveillance-Survivor
    builtin-SwiftDriver -- /Applications/Xcode.app/Contents/Developer/Toolchains/XcodeDefault.xctoolchain/usr/bin/swiftc -module-name SurveillanceSurvivor -Onone @/tmp/surveillance-survivor-launch-smoke-device-derived-data/Build/Intermediates.noindex/SurveillanceSurvivor.build/Debug-iphoneos/SurveillanceSurvivor.build/Objects-normal/arm64/SurveillanceSurvivor.SwiftFileList -DDEBUG -enable-experimental-feature DebugDescriptionMacro -sdk /Applications/Xcode.app/Contents/Developer/Platforms/iPhoneOS.platform/Developer/SDKs/iPhoneOS26.5.sdk -target arm64-apple-ios18.0 -g -module-cache-path /tmp/surveillance-survivor-launch-smoke-device-derived-data/ModuleCache.noindex -Xfrontend -serialize-debugging-options -enable-testing -index-store-path /tmp/surveillance-survivor-launch-smoke-device-derived-data/Index.noindex/DataStore -Xcc -D_LIBCPP_HARDENING_MODE\=_LIBCPP_HARDENING_MODE_DEBUG -swift-version 6 -I /tmp/surveillance-survivor-launch-smoke-device-derived-data/Build/Products/Debug-iphoneos -F /tmp/surveillance-survivor-launch-smoke-device-derived-data/Build/Products/Debug-iphoneos -c -j10 -enable-batch-mode -incremental -Xcc -ivfsstatcache -Xcc /tmp/surveillance-survivor-launch-smoke-device-derived-data/SDKStatCaches.noindex/iphoneos26.5-23F73-32daed1954a7d5dd0789fcaf2a9bb78b.sdkstatcache -output-file-map /tmp/surveillance-survivor-launch-smoke-device-derived-data/Build/Intermediates.noindex/SurveillanceSurvivor.build/Debug-iphoneos/SurveillanceSurvivor.build/Objects-normal/arm64/SurveillanceSurvivor-OutputFileMap.json -use-frontend-parseable-output -save-temps -no-color-diagnostics -explicit-module-build -module-cache-path /tmp/surveillance-survivor-launch-smoke-device-derived-data/Build/Intermediates.noindex/SwiftExplicitPrecompiledModules -clang-scanner-module-cache-path /tmp/surveillance-survivor-launch-smoke-device-derived-data/ModuleCache.noindex -sdk-module-cache-path /tmp/surveillance-survivor-launch-smoke-device-derived-data/ModuleCache.noindex -serialize-diagnostics -emit-dependencies -emit-module -emit-module-path /tmp/surveillance-survivor-launch-smoke-device-derived-data/Build/Intermediates.noindex/SurveillanceSurvivor.build/Debug-iphoneos/SurveillanceSurvivor.build/Objects-normal/arm64/SurveillanceSurvivor.swiftmodule -validate-clang-modules-once -clang-build-session-file /tmp/surveillance-survivor-launch-smoke-device-derived-data/ModuleCache.noindex/Session.modulevalidation -Xcc -I/tmp/surveillance-survivor-launch-smoke-device-derived-data/Build/Intermediates.noindex/SurveillanceSurvivor.build/Debug-iphoneos/SurveillanceSurvivor.build/swift-overrides.hmap -emit-const-values -Xfrontend -const-gather-protocols-file -Xfrontend /tmp/surveillance-survivor-launch-smoke-device-derived-data/Build/Intermediates.noindex/SurveillanceSurvivor.build/Debug-iphoneos/SurveillanceSurvivor.build/Objects-normal/arm64/SurveillanceSurvivor_const_extract_protocols.json -Xcc -iquote -Xcc /tmp/surveillance-survivor-launch-smoke-device-derived-data/Build/Intermediates.noindex/SurveillanceSurvivor.build/Debug-iphoneos/SurveillanceSurvivor.build/SurveillanceSurvivor-generated-files.hmap -Xcc -I/tmp/surveillance-survivor-launch-smoke-device-derived-data/Build/Intermediates.noindex/SurveillanceSurvivor.build/Debug-iphoneos/SurveillanceSurvivor.build/SurveillanceSurvivor-own-target-headers.hmap -Xcc -I/tmp/surveillance-survivor-launch-smoke-device-derived-data/Build/Intermediates.noindex/SurveillanceSurvivor.build/Debug-iphoneos/SurveillanceSurvivor.build/SurveillanceSurvivor-all-non-framework-target-headers.hmap -Xcc -ivfsoverlay -Xcc /tmp/surveillance-survivor-launch-smoke-device-derived-data/Build/Intermediates.noindex/SurveillanceSurvivor.build/Debug-iphoneos/SurveillanceSurvivor-34fbea025995813710bbf8ed207b7960-VFS-iphoneos/all-product-headers.yaml -Xcc -iquote -Xcc /tmp/surveillance-survivor-launch-smoke-device-derived-data/Build/Intermediates.noindex/SurveillanceSurvivor.build/Debug-iphoneos/SurveillanceSurvivor.build/SurveillanceSurvivor-project-headers.hmap -Xcc -I/tmp/surveillance-survivor-launch-smoke-device-derived-data/Build/Products/Debug-iphoneos/include -Xcc -I/tmp/surveillance-survivor-launch-smoke-device-derived-data/Build/Intermediates.noindex/SurveillanceSurvivor.build/Debug-iphoneos/SurveillanceSurvivor.build/DerivedSources-normal/arm64 -Xcc -I/tmp/surveillance-survivor-launch-smoke-device-derived-data/Build/Intermediates.noindex/SurveillanceSurvivor.build/Debug-iphoneos/SurveillanceSurvivor.build/DerivedSources/arm64 -Xcc -I/tmp/surveillance-survivor-launch-smoke-device-derived-data/Build/Intermediates.noindex/SurveillanceSurvivor.build/Debug-iphoneos/SurveillanceSurvivor.build/DerivedSources -Xcc -DDEBUG\=1 -emit-objc-header -emit-objc-header-path /tmp/surveillance-survivor-launch-smoke-device-derived-data/Build/Intermediates.noindex/SurveillanceSurvivor.build/Debug-iphoneos/SurveillanceSurvivor.build/Objects-normal/arm64/SurveillanceSurvivor-Swift.h -working-directory /Users/appliedalchemylabs/Documents/Surveillance-Survivor -experimental-emit-module-separately -disable-cmo

WriteAuxiliaryFile /tmp/surveillance-survivor-launch-smoke-device-derived-data/Build/Intermediates.noindex/SurveillanceSurvivor.build/Debug-iphoneos/SurveillanceSurvivorTests.build/Objects-normal/arm64/SurveillanceSurvivorTests.SwiftConstValuesFileList (in target 'SurveillanceSurvivorTests' from project 'SurveillanceSurvivor')
    cd /Users/appliedalchemylabs/Documents/Surveillance-Survivor
    write-file /tmp/surveillance-survivor-launch-smoke-device-derived-data/Build/Intermediates.noindex/SurveillanceSurvivor.build/Debug-iphoneos/SurveillanceSurvivorTests.build/Objects-normal/arm64/SurveillanceSurvivorTests.SwiftConstValuesFileList

WriteAuxiliaryFile /tmp/surveillance-survivor-launch-smoke-device-derived-data/Build/Intermediates.noindex/SurveillanceSurvivor.build/Debug-iphoneos/SurveillanceSurvivorTests.build/Objects-normal/arm64/SurveillanceSurvivorTests.SwiftFileList (in target 'SurveillanceSurvivorTests' from project 'SurveillanceSurvivor')
    cd /Users/appliedalchemylabs/Documents/Surveillance-Survivor
    write-file /tmp/surveillance-survivor-launch-smoke-device-derived-data/Build/Intermediates.noindex/SurveillanceSurvivor.build/Debug-iphoneos/SurveillanceSurvivorTests.build/Objects-normal/arm64/SurveillanceSurvivorTests.SwiftFileList

WriteAuxiliaryFile /tmp/surveillance-survivor-launch-smoke-device-derived-data/Build/Intermediates.noindex/SurveillanceSurvivor.build/Debug-iphoneos/SurveillanceSurvivorTests.build/Objects-normal/arm64/SurveillanceSurvivorTests-OutputFileMap.json (in target 'SurveillanceSurvivorTests' from project 'SurveillanceSurvivor')
    cd /Users/appliedalchemylabs/Documents/Surveillance-Survivor
    write-file /tmp/surveillance-survivor-launch-smoke-device-derived-data/Build/Intermediates.noindex/SurveillanceSurvivor.build/Debug-iphoneos/SurveillanceSurvivorTests.build/Objects-normal/arm64/SurveillanceSurvivorTests-OutputFileMap.json

WriteAuxiliaryFile /tmp/surveillance-survivor-launch-smoke-device-derived-data/Build/Intermediates.noindex/SurveillanceSurvivor.build/Debug-iphoneos/SurveillanceSurvivorTests.build/Objects-normal/arm64/SurveillanceSurvivorTests.LinkFileList (in target 'SurveillanceSurvivorTests' from project 'SurveillanceSurvivor')
    cd /Users/appliedalchemylabs/Documents/Surveillance-Survivor
    write-file /tmp/surveillance-survivor-launch-smoke-device-derived-data/Build/Intermediates.noindex/SurveillanceSurvivor.build/Debug-iphoneos/SurveillanceSurvivorTests.build/Objects-normal/arm64/SurveillanceSurvivorTests.LinkFileList

SwiftCompile normal arm64 Compiling\ CampaignProgressStore.swift /Users/appliedalchemylabs/Documents/Surveillance-Survivor/Game/Persistence/CampaignProgressStore.swift (in target 'SurveillanceSurvivor' from project 'SurveillanceSurvivor')

SwiftCompile normal arm64 /Users/appliedalchemylabs/Documents/Surveillance-Survivor/Game/Persistence/CampaignProgressStore.swift (in target 'SurveillanceSurvivor' from project 'SurveillanceSurvivor')
    cd /Users/appliedalchemylabs/Documents/Surveillance-Survivor
    

SwiftCompile normal arm64 Compiling\ AudioCuePlayer.swift /Users/appliedalchemylabs/Documents/Surveillance-Survivor/Game/Feedback/AudioCuePlayer.swift (in target 'SurveillanceSurvivor' from project 'SurveillanceSurvivor')

SwiftCompile normal arm64 /Users/appliedalchemylabs/Documents/Surveillance-Survivor/Game/Feedback/AudioCuePlayer.swift (in target 'SurveillanceSurvivor' from project 'SurveillanceSurvivor')
    cd /Users/appliedalchemylabs/Documents/Surveillance-Survivor
    

SwiftCompile normal arm64 Compiling\ AudioBank.swift /Users/appliedalchemylabs/Documents/Surveillance-Survivor/Game/Feedback/AudioBank.swift (in target 'SurveillanceSurvivor' from project 'SurveillanceSurvivor')
SwiftCompile normal arm64 /Users/appliedalchemylabs/Documents/Surveillance-Survivor/Game/Feedback/AudioBank.swift (in target 'SurveillanceSurvivor' from project 'SurveillanceSurvivor')
    cd /Users/appliedalchemylabs/Documents/Surveillance-Survivor
    

SwiftCompile normal arm64 Compiling\ GameScene.swift /Users/appliedalchemylabs/Documents/Surveillance-Survivor/Game/Scenes/GameScene.swift (in target 'SurveillanceSurvivor' from project 'SurveillanceSurvivor')
SwiftCompile normal arm64 /Users/appliedalchemylabs/Documents/Surveillance-Survivor/Game/Scenes/GameScene.swift (in target 'SurveillanceSurvivor' from project 'SurveillanceSurvivor')
    cd /Users/appliedalchemylabs/Documents/Surveillance-Survivor
    

SwiftEmitModule normal arm64 Emitting\ module\ for\ SurveillanceSurvivor (in target 'SurveillanceSurvivor' from project 'SurveillanceSurvivor')
EmitSwiftModule normal arm64 (in target 'SurveillanceSurvivor' from project 'SurveillanceSurvivor')
    cd /Users/appliedalchemylabs/Documents/Surveillance-Survivor
    

SwiftCompile normal arm64 Compiling\ RootView.swift /Users/appliedalchemylabs/Documents/Surveillance-Survivor/App/RootView.swift (in target 'SurveillanceSurvivor' from project 'SurveillanceSurvivor')
SwiftCompile normal arm64 /Users/appliedalchemylabs/Documents/Surveillance-Survivor/App/RootView.swift (in target 'SurveillanceSurvivor' from project 'SurveillanceSurvivor')
    cd /Users/appliedalchemylabs/Documents/Surveillance-Survivor
    

SwiftCompile normal arm64 Compiling\ VisualDesignTokens.swift /Users/appliedalchemylabs/Documents/Surveillance-Survivor/App/VisualDesignTokens.swift (in target 'SurveillanceSurvivor' from project 'SurveillanceSurvivor')

SwiftCompile normal arm64 /Users/appliedalchemylabs/Documents/Surveillance-Survivor/App/VisualDesignTokens.swift (in target 'SurveillanceSurvivor' from project 'SurveillanceSurvivor')
    cd /Users/appliedalchemylabs/Documents/Surveillance-Survivor
    

SwiftCompile normal arm64 Compiling\ MasteryProgressStore.swift /Users/appliedalchemylabs/Documents/Surveillance-Survivor/Game/Persistence/MasteryProgressStore.swift (in target 'SurveillanceSurvivor' from project 'SurveillanceSurvivor')

SwiftCompile normal arm64 /Users/appliedalchemylabs/Documents/Surveillance-Survivor/Game/Persistence/MasteryProgressStore.swift (in target 'SurveillanceSurvivor' from project 'SurveillanceSurvivor')
    cd /Users/appliedalchemylabs/Documents/Surveillance-Survivor
    

SwiftDriverJobDiscovery normal arm64 Compiling VisualDesignTokens.swift (in target 'SurveillanceSurvivor' from project 'SurveillanceSurvivor')

SwiftCompile normal arm64 Compiling\ EntityProjector.swift /Users/appliedalchemylabs/Documents/Surveillance-Survivor/Game/Rendering/EntityProjector.swift (in target 'SurveillanceSurvivor' from project 'SurveillanceSurvivor')

SwiftCompile normal arm64 /Users/appliedalchemylabs/Documents/Surveillance-Survivor/Game/Rendering/EntityProjector.swift (in target 'SurveillanceSurvivor' from project 'SurveillanceSurvivor')
    cd /Users/appliedalchemylabs/Documents/Surveillance-Survivor
    

SwiftCompile normal arm64 Compiling\ SuspicionMeter.swift /Users/appliedalchemylabs/Documents/Surveillance-Survivor/App/SuspicionMeter.swift (in target 'SurveillanceSurvivor' from project 'SurveillanceSurvivor')

SwiftCompile normal arm64 /Users/appliedalchemylabs/Documents/Surveillance-Survivor/App/SuspicionMeter.swift (in target 'SurveillanceSurvivor' from project 'SurveillanceSurvivor')
    cd /Users/appliedalchemylabs/Documents/Surveillance-Survivor
    

SwiftCompile normal arm64 Compiling\ MovementStickOverlay.swift /Users/appliedalchemylabs/Documents/Surveillance-Survivor/App/MovementStickOverlay.swift (in target 'SurveillanceSurvivor' from project 'SurveillanceSurvivor')

SwiftCompile normal arm64 /Users/appliedalchemylabs/Documents/Surveillance-Survivor/App/MovementStickOverlay.swift (in target 'SurveillanceSurvivor' from project 'SurveillanceSurvivor')
    cd /Users/appliedalchemylabs/Documents/Surveillance-Survivor
    

SwiftDriverJobDiscovery normal arm64 Compiling AudioCuePlayer.swift (in target 'SurveillanceSurvivor' from project 'SurveillanceSurvivor')

SwiftDriverJobDiscovery normal arm64 Compiling MasteryProgressStore.swift (in target 'SurveillanceSurvivor' from project 'SurveillanceSurvivor')

SwiftCompile normal arm64 Compiling\ SurveillanceSurvivorApp.swift /Users/appliedalchemylabs/Documents/Surveillance-Survivor/App/SurveillanceSurvivorApp.swift (in target 'SurveillanceSurvivor' from project 'SurveillanceSurvivor')

SwiftCompile normal arm64 /Users/appliedalchemylabs/Documents/Surveillance-Survivor/App/SurveillanceSurvivorApp.swift (in target 'SurveillanceSurvivor' from project 'SurveillanceSurvivor')
    cd /Users/appliedalchemylabs/Documents/Surveillance-Survivor
    

SwiftDriverJobDiscovery normal arm64 Compiling CampaignProgressStore.swift (in target 'SurveillanceSurvivor' from project 'SurveillanceSurvivor')

SwiftDriverJobDiscovery normal arm64 Compiling SurveillanceSurvivorApp.swift (in target 'SurveillanceSurvivor' from project 'SurveillanceSurvivor')

SwiftDriverJobDiscovery normal arm64 Compiling MovementStickOverlay.swift (in target 'SurveillanceSurvivor' from project 'SurveillanceSurvivor')

SwiftDriverJobDiscovery normal arm64 Compiling SuspicionMeter.swift (in target 'SurveillanceSurvivor' from project 'SurveillanceSurvivor')

SwiftDriverJobDiscovery normal arm64 Compiling EntityProjector.swift (in target 'SurveillanceSurvivor' from project 'SurveillanceSurvivor')

SwiftDriverJobDiscovery normal arm64 Compiling AudioBank.swift (in target 'SurveillanceSurvivor' from project 'SurveillanceSurvivor')

SwiftDriverJobDiscovery normal arm64 Compiling GameScene.swift (in target 'SurveillanceSurvivor' from project 'SurveillanceSurvivor')

SwiftDriverJobDiscovery normal arm64 Emitting module for SurveillanceSurvivor (in target 'SurveillanceSurvivor' from project 'SurveillanceSurvivor')

SwiftDriver\ Compilation\ Requirements SurveillanceSurvivor normal arm64 com.apple.xcode.tools.swift.compiler (in target 'SurveillanceSurvivor' from project 'SurveillanceSurvivor')
    cd /Users/appliedalchemylabs/Documents/Surveillance-Survivor
    builtin-Swift-Compilation-Requirements -- /Applications/Xcode.app/Contents/Developer/Toolchains/XcodeDefault.xctoolchain/usr/bin/swiftc -module-name SurveillanceSurvivor -Onone @/tmp/surveillance-survivor-launch-smoke-device-derived-data/Build/Intermediates.noindex/SurveillanceSurvivor.build/Debug-iphoneos/SurveillanceSurvivor.build/Objects-normal/arm64/SurveillanceSurvivor.SwiftFileList -DDEBUG -enable-experimental-feature DebugDescriptionMacro -sdk /Applications/Xcode.app/Contents/Developer/Platforms/iPhoneOS.platform/Developer/SDKs/iPhoneOS26.5.sdk -target arm64-apple-ios18.0 -g -module-cache-path /tmp/surveillance-survivor-launch-smoke-device-derived-data/ModuleCache.noindex -Xfrontend -serialize-debugging-options -enable-testing -index-store-path /tmp/surveillance-survivor-launch-smoke-device-derived-data/Index.noindex/DataStore -Xcc -D_LIBCPP_HARDENING_MODE\=_LIBCPP_HARDENING_MODE_DEBUG -swift-version 6 -I /tmp/surveillance-survivor-launch-smoke-device-derived-data/Build/Products/Debug-iphoneos -F /tmp/surveillance-survivor-launch-smoke-device-derived-data/Build/Products/Debug-iphoneos -c -j10 -enable-batch-mode -incremental -Xcc -ivfsstatcache -Xcc /tmp/surveillance-survivor-launch-smoke-device-derived-data/SDKStatCaches.noindex/iphoneos26.5-23F73-32daed1954a7d5dd0789fcaf2a9bb78b.sdkstatcache -output-file-map /tmp/surveillance-survivor-launch-smoke-device-derived-data/Build/Intermediates.noindex/SurveillanceSurvivor.build/Debug-iphoneos/SurveillanceSurvivor.build/Objects-normal/arm64/SurveillanceSurvivor-OutputFileMap.json -use-frontend-parseable-output -save-temps -no-color-diagnostics -explicit-module-build -module-cache-path /tmp/surveillance-survivor-launch-smoke-device-derived-data/Build/Intermediates.noindex/SwiftExplicitPrecompiledModules -clang-scanner-module-cache-path /tmp/surveillance-survivor-launch-smoke-device-derived-data/ModuleCache.noindex -sdk-module-cache-path /tmp/surveillance-survivor-launch-smoke-device-derived-data/ModuleCache.noindex -serialize-diagnostics -emit-dependencies -emit-module -emit-module-path /tmp/surveillance-survivor-launch-smoke-device-derived-data/Build/Intermediates.noindex/SurveillanceSurvivor.build/Debug-iphoneos/SurveillanceSurvivor.build/Objects-normal/arm64/SurveillanceSurvivor.swiftmodule -validate-clang-modules-once -clang-build-session-file /tmp/surveillance-survivor-launch-smoke-device-derived-data/ModuleCache.noindex/Session.modulevalidation -Xcc -I/tmp/surveillance-survivor-launch-smoke-device-derived-data/Build/Intermediates.noindex/SurveillanceSurvivor.build/Debug-iphoneos/SurveillanceSurvivor.build/swift-overrides.hmap -emit-const-values -Xfrontend -const-gather-protocols-file -Xfrontend /tmp/surveillance-survivor-launch-smoke-device-derived-data/Build/Intermediates.noindex/SurveillanceSurvivor.build/Debug-iphoneos/SurveillanceSurvivor.build/Objects-normal/arm64/SurveillanceSurvivor_const_extract_protocols.json -Xcc -iquote -Xcc /tmp/surveillance-survivor-launch-smoke-device-derived-data/Build/Intermediates.noindex/SurveillanceSurvivor.build/Debug-iphoneos/SurveillanceSurvivor.build/SurveillanceSurvivor-generated-files.hmap -Xcc -I/tmp/surveillance-survivor-launch-smoke-device-derived-data/Build/Intermediates.noindex/SurveillanceSurvivor.build/Debug-iphoneos/SurveillanceSurvivor.build/SurveillanceSurvivor-own-target-headers.hmap -Xcc -I/tmp/surveillance-survivor-launch-smoke-device-derived-data/Build/Intermediates.noindex/SurveillanceSurvivor.build/Debug-iphoneos/SurveillanceSurvivor.build/SurveillanceSurvivor-all-non-framework-target-headers.hmap -Xcc -ivfsoverlay -Xcc /tmp/surveillance-survivor-launch-smoke-device-derived-data/Build/Intermediates.noindex/SurveillanceSurvivor.build/Debug-iphoneos/SurveillanceSurvivor-34fbea025995813710bbf8ed207b7960-VFS-iphoneos/all-product-headers.yaml -Xcc -iquote -Xcc /tmp/surveillance-survivor-launch-smoke-device-derived-data/Build/Intermediates.noindex/SurveillanceSurvivor.build/Debug-iphoneos/SurveillanceSurvivor.build/SurveillanceSurvivor-project-headers.hmap -Xcc -I/tmp/surveillance-survivor-launch-smoke-device-derived-data/Build/Products/Debug-iphoneos/include -Xcc -I/tmp/surveillance-survivor-launch-smoke-device-derived-data/Build/Intermediates.noindex/SurveillanceSurvivor.build/Debug-iphoneos/SurveillanceSurvivor.build/DerivedSources-normal/arm64 -Xcc -I/tmp/surveillance-survivor-launch-smoke-device-derived-data/Build/Intermediates.noindex/SurveillanceSurvivor.build/Debug-iphoneos/SurveillanceSurvivor.build/DerivedSources/arm64 -Xcc -I/tmp/surveillance-survivor-launch-smoke-device-derived-data/Build/Intermediates.noindex/SurveillanceSurvivor.build/Debug-iphoneos/SurveillanceSurvivor.build/DerivedSources -Xcc -DDEBUG\=1 -emit-objc-header -emit-objc-header-path /tmp/surveillance-survivor-launch-smoke-device-derived-data/Build/Intermediates.noindex/SurveillanceSurvivor.build/Debug-iphoneos/SurveillanceSurvivor.build/Objects-normal/arm64/SurveillanceSurvivor-Swift.h -working-directory /Users/appliedalchemylabs/Documents/Surveillance-Survivor -experimental-emit-module-separately -disable-cmo

Copy /tmp/surveillance-survivor-launch-smoke-device-derived-data/Build/Products/Debug-iphoneos/SurveillanceSurvivor.swiftmodule/Project/arm64-apple-ios.swiftsourceinfo /tmp/surveillance-survivor-launch-smoke-device-derived-data/Build/Intermediates.noindex/SurveillanceSurvivor.build/Debug-iphoneos/SurveillanceSurvivor.build/Objects-normal/arm64/SurveillanceSurvivor.swiftsourceinfo (in target 'SurveillanceSurvivor' from project 'SurveillanceSurvivor')
    cd /Users/appliedalchemylabs/Documents/Surveillance-Survivor
    builtin-copy -exclude .DS_Store -exclude CVS -exclude .svn -exclude .git -exclude .hg -resolve-src-symlinks -rename /tmp/surveillance-survivor-launch-smoke-device-derived-data/Build/Intermediates.noindex/SurveillanceSurvivor.build/Debug-iphoneos/SurveillanceSurvivor.build/Objects-normal/arm64/SurveillanceSurvivor.swiftsourceinfo /tmp/surveillance-survivor-launch-smoke-device-derived-data/Build/Products/Debug-iphoneos/SurveillanceSurvivor.swiftmodule/Project/arm64-apple-ios.swiftsourceinfo

Copy /tmp/surveillance-survivor-launch-smoke-device-derived-data/Build/Products/Debug-iphoneos/SurveillanceSurvivor.swiftmodule/arm64-apple-ios.swiftmodule /tmp/surveillance-survivor-launch-smoke-device-derived-data/Build/Intermediates.noindex/SurveillanceSurvivor.build/Debug-iphoneos/SurveillanceSurvivor.build/Objects-normal/arm64/SurveillanceSurvivor.swiftmodule (in target 'SurveillanceSurvivor' from project 'SurveillanceSurvivor')
    cd /Users/appliedalchemylabs/Documents/Surveillance-Survivor
    builtin-copy -exclude .DS_Store -exclude CVS -exclude .svn -exclude .git -exclude .hg -resolve-src-symlinks -rename /tmp/surveillance-survivor-launch-smoke-device-derived-data/Build/Intermediates.noindex/SurveillanceSurvivor.build/Debug-iphoneos/SurveillanceSurvivor.build/Objects-normal/arm64/SurveillanceSurvivor.swiftmodule /tmp/surveillance-survivor-launch-smoke-device-derived-data/Build/Products/Debug-iphoneos/SurveillanceSurvivor.swiftmodule/arm64-apple-ios.swiftmodule

Copy /tmp/surveillance-survivor-launch-smoke-device-derived-data/Build/Products/Debug-iphoneos/SurveillanceSurvivor.swiftmodule/arm64-apple-ios.swiftdoc /tmp/surveillance-survivor-launch-smoke-device-derived-data/Build/Intermediates.noindex/SurveillanceSurvivor.build/Debug-iphoneos/SurveillanceSurvivor.build/Objects-normal/arm64/SurveillanceSurvivor.swiftdoc (in target 'SurveillanceSurvivor' from project 'SurveillanceSurvivor')
    cd /Users/appliedalchemylabs/Documents/Surveillance-Survivor
    builtin-copy -exclude .DS_Store -exclude CVS -exclude .svn -exclude .git -exclude .hg -resolve-src-symlinks -rename /tmp/surveillance-survivor-launch-smoke-device-derived-data/Build/Intermediates.noindex/SurveillanceSurvivor.build/Debug-iphoneos/SurveillanceSurvivor.build/Objects-normal/arm64/SurveillanceSurvivor.swiftdoc /tmp/surveillance-survivor-launch-smoke-device-derived-data/Build/Products/Debug-iphoneos/SurveillanceSurvivor.swiftmodule/arm64-apple-ios.swiftdoc

Copy /tmp/surveillance-survivor-launch-smoke-device-derived-data/Build/Products/Debug-iphoneos/SurveillanceSurvivor.swiftmodule/arm64-apple-ios.abi.json /tmp/surveillance-survivor-launch-smoke-device-derived-data/Build/Intermediates.noindex/SurveillanceSurvivor.build/Debug-iphoneos/SurveillanceSurvivor.build/Objects-normal/arm64/SurveillanceSurvivor.abi.json (in target 'SurveillanceSurvivor' from project 'SurveillanceSurvivor')
    cd /Users/appliedalchemylabs/Documents/Surveillance-Survivor
    builtin-copy -exclude .DS_Store -exclude CVS -exclude .svn -exclude .git -exclude .hg -resolve-src-symlinks -rename /tmp/surveillance-survivor-launch-smoke-device-derived-data/Build/Intermediates.noindex/SurveillanceSurvivor.build/Debug-iphoneos/SurveillanceSurvivor.build/Objects-normal/arm64/SurveillanceSurvivor.abi.json /tmp/surveillance-survivor-launch-smoke-device-derived-data/Build/Products/Debug-iphoneos/SurveillanceSurvivor.swiftmodule/arm64-apple-ios.abi.json

SwiftDriver SurveillanceSurvivorUITests normal arm64 com.apple.xcode.tools.swift.compiler (in target 'SurveillanceSurvivorUITests' from project 'SurveillanceSurvivor')
    cd /Users/appliedalchemylabs/Documents/Surveillance-Survivor
    builtin-SwiftDriver -- /Applications/Xcode.app/Contents/Developer/Toolchains/XcodeDefault.xctoolchain/usr/bin/swiftc -module-name SurveillanceSurvivorUITests -Onone @/tmp/surveillance-survivor-launch-smoke-device-derived-data/Build/Intermediates.noindex/SurveillanceSurvivor.build/Debug-iphoneos/SurveillanceSurvivorUITests.build/Objects-normal/arm64/SurveillanceSurvivorUITests.SwiftFileList -DDEBUG -module-alias Testing\=_Testing_Unavailable -plugin-path /Applications/Xcode.app/Contents/Developer/Toolchains/XcodeDefault.xctoolchain/usr/lib/swift/host/plugins/testing -enable-experimental-feature DebugDescriptionMacro -sdk /Applications/Xcode.app/Contents/Developer/Platforms/iPhoneOS.platform/Developer/SDKs/iPhoneOS26.5.sdk -target arm64-apple-ios18.0 -g -module-cache-path /tmp/surveillance-survivor-launch-smoke-device-derived-data/ModuleCache.noindex -Xfrontend -serialize-debugging-options -enable-testing -index-store-path /tmp/surveillance-survivor-launch-smoke-device-derived-data/Index.noindex/DataStore -Xcc -D_LIBCPP_HARDENING_MODE\=_LIBCPP_HARDENING_MODE_DEBUG -swift-version 6 -I /tmp/surveillance-survivor-launch-smoke-device-derived-data/Build/Products/Debug-iphoneos -Isystem /Applications/Xcode.app/Contents/Developer/Platforms/iPhoneOS.platform/Developer/usr/lib -F /tmp/surveillance-survivor-launch-smoke-device-derived-data/Build/Products/Debug-iphoneos -F /Applications/Xcode.app/Contents/Developer/Platforms/iPhoneOS.platform/Developer/Library/Frameworks -F /Applications/Xcode.app/Contents/Developer/Platforms/iPhoneOS.platform/Developer/SDKs/iPhoneOS26.5.sdk/Developer/Library/Frameworks -c -j10 -enable-batch-mode -incremental -Xcc -ivfsstatcache -Xcc /tmp/surveillance-survivor-launch-smoke-device-derived-data/SDKStatCaches.noindex/iphoneos26.5-23F73-32daed1954a7d5dd0789fcaf2a9bb78b.sdkstatcache -output-file-map /tmp/surveillance-survivor-launch-smoke-device-derived-data/Build/Intermediates.noindex/SurveillanceSurvivor.build/Debug-iphoneos/SurveillanceSurvivorUITests.build/Objects-normal/arm64/SurveillanceSurvivorUITests-OutputFileMap.json -use-frontend-parseable-output -save-temps -no-color-diagnostics -explicit-module-build -module-cache-path /tmp/surveillance-survivor-launch-smoke-device-derived-data/Build/Intermediates.noindex/SwiftExplicitPrecompiledModules -clang-scanner-module-cache-path /tmp/surveillance-survivor-launch-smoke-device-derived-data/ModuleCache.noindex -sdk-module-cache-path /tmp/surveillance-survivor-launch-smoke-device-derived-data/ModuleCache.noindex -serialize-diagnostics -emit-dependencies -emit-module -emit-module-path /tmp/surveillance-survivor-launch-smoke-device-derived-data/Build/Intermediates.noindex/SurveillanceSurvivor.build/Debug-iphoneos/SurveillanceSurvivorUITests.build/Objects-normal/arm64/SurveillanceSurvivorUITests.swiftmodule -validate-clang-modules-once -clang-build-session-file /tmp/surveillance-survivor-launch-smoke-device-derived-data/ModuleCache.noindex/Session.modulevalidation -Xcc -I/tmp/surveillance-survivor-launch-smoke-device-derived-data/Build/Intermediates.noindex/SurveillanceSurvivor.build/Debug-iphoneos/SurveillanceSurvivorUITests.build/swift-overrides.hmap -emit-const-values -Xfrontend -const-gather-protocols-file -Xfrontend /tmp/surveillance-survivor-launch-smoke-device-derived-data/Build/Intermediates.noindex/SurveillanceSurvivor.build/Debug-iphoneos/SurveillanceSurvivorUITests.build/Objects-normal/arm64/SurveillanceSurvivorUITests_const_extract_protocols.json -Xcc -iquote -Xcc /tmp/surveillance-survivor-launch-smoke-device-derived-data/Build/Intermediates.noindex/SurveillanceSurvivor.build/Debug-iphoneos/SurveillanceSurvivorUITests.build/SurveillanceSurvivorUITests-generated-files.hmap -Xcc -I/tmp/surveillance-survivor-launch-smoke-device-derived-data/Build/Intermediates.noindex/SurveillanceSurvivor.build/Debug-iphoneos/SurveillanceSurvivorUITests.build/SurveillanceSurvivorUITests-own-target-headers.hmap -Xcc -I/tmp/surveillance-survivor-launch-smoke-device-derived-data/Build/Intermediates.noindex/SurveillanceSurvivor.build/Debug-iphoneos/SurveillanceSurvivorUITests.build/SurveillanceSurvivorUITests-all-non-framework-target-headers.hmap -Xcc -ivfsoverlay -Xcc /tmp/surveillance-survivor-launch-smoke-device-derived-data/Build/Intermediates.noindex/SurveillanceSurvivor.build/Debug-iphoneos/SurveillanceSurvivor-34fbea025995813710bbf8ed207b7960-VFS-iphoneos/all-product-headers.yaml -Xcc -iquote -Xcc /tmp/surveillance-survivor-launch-smoke-device-derived-data/Build/Intermediates.noindex/SurveillanceSurvivor.build/Debug-iphoneos/SurveillanceSurvivorUITests.build/SurveillanceSurvivorUITests-project-headers.hmap -Xcc -I/tmp/surveillance-survivor-launch-smoke-device-derived-data/Build/Products/Debug-iphoneos/include -Xcc -I/tmp/surveillance-survivor-launch-smoke-device-derived-data/Build/Intermediates.noindex/SurveillanceSurvivor.build/Debug-iphoneos/SurveillanceSurvivorUITests.build/DerivedSources-normal/arm64 -Xcc -I/tmp/surveillance-survivor-launch-smoke-device-derived-data/Build/Intermediates.noindex/SurveillanceSurvivor.build/Debug-iphoneos/SurveillanceSurvivorUITests.build/DerivedSources/arm64 -Xcc -I/tmp/surveillance-survivor-launch-smoke-device-derived-data/Build/Intermediates.noindex/SurveillanceSurvivor.build/Debug-iphoneos/SurveillanceSurvivorUITests.build/DerivedSources -Xcc -DDEBUG\=1 -emit-objc-header -emit-objc-header-path /tmp/surveillance-survivor-launch-smoke-device-derived-data/Build/Intermediates.noindex/SurveillanceSurvivor.build/Debug-iphoneos/SurveillanceSurvivorUITests.build/Objects-normal/arm64/SurveillanceSurvivorUITests-Swift.h -working-directory /Users/appliedalchemylabs/Documents/Surveillance-Survivor -experimental-emit-module-separately -disable-cmo

SwiftDriver SurveillanceSurvivorTests normal arm64 com.apple.xcode.tools.swift.compiler (in target 'SurveillanceSurvivorTests' from project 'SurveillanceSurvivor')
    cd /Users/appliedalchemylabs/Documents/Surveillance-Survivor
    builtin-SwiftDriver -- /Applications/Xcode.app/Contents/Developer/Toolchains/XcodeDefault.xctoolchain/usr/bin/swiftc -module-name SurveillanceSurvivorTests -Onone @/tmp/surveillance-survivor-launch-smoke-device-derived-data/Build/Intermediates.noindex/SurveillanceSurvivor.build/Debug-iphoneos/SurveillanceSurvivorTests.build/Objects-normal/arm64/SurveillanceSurvivorTests.SwiftFileList -DDEBUG -plugin-path /Applications/Xcode.app/Contents/Developer/Toolchains/XcodeDefault.xctoolchain/usr/lib/swift/host/plugins/testing -enable-experimental-feature DebugDescriptionMacro -sdk /Applications/Xcode.app/Contents/Developer/Platforms/iPhoneOS.platform/Developer/SDKs/iPhoneOS26.5.sdk -target arm64-apple-ios18.0 -g -module-cache-path /tmp/surveillance-survivor-launch-smoke-device-derived-data/ModuleCache.noindex -Xfrontend -serialize-debugging-options -enable-testing -index-store-path /tmp/surveillance-survivor-launch-smoke-device-derived-data/Index.noindex/DataStore -Xcc -D_LIBCPP_HARDENING_MODE\=_LIBCPP_HARDENING_MODE_DEBUG -swift-version 6 -I /tmp/surveillance-survivor-launch-smoke-device-derived-data/Build/Products/Debug-iphoneos -Isystem /Applications/Xcode.app/Contents/Developer/Platforms/iPhoneOS.platform/Developer/usr/lib -F /tmp/surveillance-survivor-launch-smoke-device-derived-data/Build/Products/Debug-iphoneos -F /Applications/Xcode.app/Contents/Developer/Platforms/iPhoneOS.platform/Developer/Library/Frameworks -F /Applications/Xcode.app/Contents/Developer/Platforms/iPhoneOS.platform/Developer/SDKs/iPhoneOS26.5.sdk/Developer/Library/Frameworks -c -j10 -enable-batch-mode -incremental -Xcc -ivfsstatcache -Xcc /tmp/surveillance-survivor-launch-smoke-device-derived-data/SDKStatCaches.noindex/iphoneos26.5-23F73-32daed1954a7d5dd0789fcaf2a9bb78b.sdkstatcache -output-file-map /tmp/surveillance-survivor-launch-smoke-device-derived-data/Build/Intermediates.noindex/SurveillanceSurvivor.build/Debug-iphoneos/SurveillanceSurvivorTests.build/Objects-normal/arm64/SurveillanceSurvivorTests-OutputFileMap.json -use-frontend-parseable-output -save-temps -no-color-diagnostics -explicit-module-build -module-cache-path /tmp/surveillance-survivor-launch-smoke-device-derived-data/Build/Intermediates.noindex/SwiftExplicitPrecompiledModules -clang-scanner-module-cache-path /tmp/surveillance-survivor-launch-smoke-device-derived-data/ModuleCache.noindex -sdk-module-cache-path /tmp/surveillance-survivor-launch-smoke-device-derived-data/ModuleCache.noindex -serialize-diagnostics -emit-dependencies -emit-module -emit-module-path /tmp/surveillance-survivor-launch-smoke-device-derived-data/Build/Intermediates.noindex/SurveillanceSurvivor.build/Debug-iphoneos/SurveillanceSurvivorTests.build/Objects-normal/arm64/SurveillanceSurvivorTests.swiftmodule -validate-clang-modules-once -clang-build-session-file /tmp/surveillance-survivor-launch-smoke-device-derived-data/ModuleCache.noindex/Session.modulevalidation -Xcc -I/tmp/surveillance-survivor-launch-smoke-device-derived-data/Build/Intermediates.noindex/SurveillanceSurvivor.build/Debug-iphoneos/SurveillanceSurvivorTests.build/swift-overrides.hmap -emit-const-values -Xfrontend -const-gather-protocols-file -Xfrontend /tmp/surveillance-survivor-launch-smoke-device-derived-data/Build/Intermediates.noindex/SurveillanceSurvivor.build/Debug-iphoneos/SurveillanceSurvivorTests.build/Objects-normal/arm64/SurveillanceSurvivorTests_const_extract_protocols.json -Xcc -iquote -Xcc /tmp/surveillance-survivor-launch-smoke-device-derived-data/Build/Intermediates.noindex/SurveillanceSurvivor.build/Debug-iphoneos/SurveillanceSurvivorTests.build/SurveillanceSurvivorTests-generated-files.hmap -Xcc -I/tmp/surveillance-survivor-launch-smoke-device-derived-data/Build/Intermediates.noindex/SurveillanceSurvivor.build/Debug-iphoneos/SurveillanceSurvivorTests.build/SurveillanceSurvivorTests-own-target-headers.hmap -Xcc -I/tmp/surveillance-survivor-launch-smoke-device-derived-data/Build/Intermediates.noindex/SurveillanceSurvivor.build/Debug-iphoneos/SurveillanceSurvivorTests.build/SurveillanceSurvivorTests-all-non-framework-target-headers.hmap -Xcc -ivfsoverlay -Xcc /tmp/surveillance-survivor-launch-smoke-device-derived-data/Build/Intermediates.noindex/SurveillanceSurvivor.build/Debug-iphoneos/SurveillanceSurvivor-34fbea025995813710bbf8ed207b7960-VFS-iphoneos/all-product-headers.yaml -Xcc -iquote -Xcc /tmp/surveillance-survivor-launch-smoke-device-derived-data/Build/Intermediates.noindex/SurveillanceSurvivor.build/Debug-iphoneos/SurveillanceSurvivorTests.build/SurveillanceSurvivorTests-project-headers.hmap -Xcc -I/tmp/surveillance-survivor-launch-smoke-device-derived-data/Build/Products/Debug-iphoneos/include -Xcc -I/tmp/surveillance-survivor-launch-smoke-device-derived-data/Build/Intermediates.noindex/SurveillanceSurvivor.build/Debug-iphoneos/SurveillanceSurvivorTests.build/DerivedSources-normal/arm64 -Xcc -I/tmp/surveillance-survivor-launch-smoke-device-derived-data/Build/Intermediates.noindex/SurveillanceSurvivor.build/Debug-iphoneos/SurveillanceSurvivorTests.build/DerivedSources/arm64 -Xcc -I/tmp/surveillance-survivor-launch-smoke-device-derived-data/Build/Intermediates.noindex/SurveillanceSurvivor.build/Debug-iphoneos/SurveillanceSurvivorTests.build/DerivedSources -Xcc -DDEBUG\=1 -emit-objc-header -emit-objc-header-path /tmp/surveillance-survivor-launch-smoke-device-derived-data/Build/Intermediates.noindex/SurveillanceSurvivor.build/Debug-iphoneos/SurveillanceSurvivorTests.build/Objects-normal/arm64/SurveillanceSurvivorTests-Swift.h -working-directory /Users/appliedalchemylabs/Documents/Surveillance-Survivor -experimental-emit-module-separately -disable-cmo

SwiftEmitModule normal arm64 Emitting\ module\ for\ SurveillanceSurvivorUITests (in target 'SurveillanceSurvivorUITests' from project 'SurveillanceSurvivor')

EmitSwiftModule normal arm64 (in target 'SurveillanceSurvivorUITests' from project 'SurveillanceSurvivor')
    cd /Users/appliedalchemylabs/Documents/Surveillance-Survivor
    

SwiftCompile normal arm64 Compiling\ LaunchUITests.swift /Users/appliedalchemylabs/Documents/Surveillance-Survivor/Tests/SurveillanceSurvivorUITests/LaunchUITests.swift (in target 'SurveillanceSurvivorUITests' from project 'SurveillanceSurvivor')

SwiftCompile normal arm64 /Users/appliedalchemylabs/Documents/Surveillance-Survivor/Tests/SurveillanceSurvivorUITests/LaunchUITests.swift (in target 'SurveillanceSurvivorUITests' from project 'SurveillanceSurvivor')
    cd /Users/appliedalchemylabs/Documents/Surveillance-Survivor
    

SwiftDriverJobDiscovery normal arm64 Emitting module for SurveillanceSurvivorUITests (in target 'SurveillanceSurvivorUITests' from project 'SurveillanceSurvivor')

SwiftDriver\ Compilation\ Requirements SurveillanceSurvivorUITests normal arm64 com.apple.xcode.tools.swift.compiler (in target 'SurveillanceSurvivorUITests' from project 'SurveillanceSurvivor')
    cd /Users/appliedalchemylabs/Documents/Surveillance-Survivor
    builtin-Swift-Compilation-Requirements -- /Applications/Xcode.app/Contents/Developer/Toolchains/XcodeDefault.xctoolchain/usr/bin/swiftc -module-name SurveillanceSurvivorUITests -Onone @/tmp/surveillance-survivor-launch-smoke-device-derived-data/Build/Intermediates.noindex/SurveillanceSurvivor.build/Debug-iphoneos/SurveillanceSurvivorUITests.build/Objects-normal/arm64/SurveillanceSurvivorUITests.SwiftFileList -DDEBUG -module-alias Testing\=_Testing_Unavailable -plugin-path /Applications/Xcode.app/Contents/Developer/Toolchains/XcodeDefault.xctoolchain/usr/lib/swift/host/plugins/testing -enable-experimental-feature DebugDescriptionMacro -sdk /Applications/Xcode.app/Contents/Developer/Platforms/iPhoneOS.platform/Developer/SDKs/iPhoneOS26.5.sdk -target arm64-apple-ios18.0 -g -module-cache-path /tmp/surveillance-survivor-launch-smoke-device-derived-data/ModuleCache.noindex -Xfrontend -serialize-debugging-options -enable-testing -index-store-path /tmp/surveillance-survivor-launch-smoke-device-derived-data/Index.noindex/DataStore -Xcc -D_LIBCPP_HARDENING_MODE\=_LIBCPP_HARDENING_MODE_DEBUG -swift-version 6 -I /tmp/surveillance-survivor-launch-smoke-device-derived-data/Build/Products/Debug-iphoneos -Isystem /Applications/Xcode.app/Contents/Developer/Platforms/iPhoneOS.platform/Developer/usr/lib -F /tmp/surveillance-survivor-launch-smoke-device-derived-data/Build/Products/Debug-iphoneos -F /Applications/Xcode.app/Contents/Developer/Platforms/iPhoneOS.platform/Developer/Library/Frameworks -F /Applications/Xcode.app/Contents/Developer/Platforms/iPhoneOS.platform/Developer/SDKs/iPhoneOS26.5.sdk/Developer/Library/Frameworks -c -j10 -enable-batch-mode -incremental -Xcc -ivfsstatcache -Xcc /tmp/surveillance-survivor-launch-smoke-device-derived-data/SDKStatCaches.noindex/iphoneos26.5-23F73-32daed1954a7d5dd0789fcaf2a9bb78b.sdkstatcache -output-file-map /tmp/surveillance-survivor-launch-smoke-device-derived-data/Build/Intermediates.noindex/SurveillanceSurvivor.build/Debug-iphoneos/SurveillanceSurvivorUITests.build/Objects-normal/arm64/SurveillanceSurvivorUITests-OutputFileMap.json -use-frontend-parseable-output -save-temps -no-color-diagnostics -explicit-module-build -module-cache-path /tmp/surveillance-survivor-launch-smoke-device-derived-data/Build/Intermediates.noindex/SwiftExplicitPrecompiledModules -clang-scanner-module-cache-path /tmp/surveillance-survivor-launch-smoke-device-derived-data/ModuleCache.noindex -sdk-module-cache-path /tmp/surveillance-survivor-launch-smoke-device-derived-data/ModuleCache.noindex -serialize-diagnostics -emit-dependencies -emit-module -emit-module-path /tmp/surveillance-survivor-launch-smoke-device-derived-data/Build/Intermediates.noindex/SurveillanceSurvivor.build/Debug-iphoneos/SurveillanceSurvivorUITests.build/Objects-normal/arm64/SurveillanceSurvivorUITests.swiftmodule -validate-clang-modules-once -clang-build-session-file /tmp/surveillance-survivor-launch-smoke-device-derived-data/ModuleCache.noindex/Session.modulevalidation -Xcc -I/tmp/surveillance-survivor-launch-smoke-device-derived-data/Build/Intermediates.noindex/SurveillanceSurvivor.build/Debug-iphoneos/SurveillanceSurvivorUITests.build/swift-overrides.hmap -emit-const-values -Xfrontend -const-gather-protocols-file -Xfrontend /tmp/surveillance-survivor-launch-smoke-device-derived-data/Build/Intermediates.noindex/SurveillanceSurvivor.build/Debug-iphoneos/SurveillanceSurvivorUITests.build/Objects-normal/arm64/SurveillanceSurvivorUITests_const_extract_protocols.json -Xcc -iquote -Xcc /tmp/surveillance-survivor-launch-smoke-device-derived-data/Build/Intermediates.noindex/SurveillanceSurvivor.build/Debug-iphoneos/SurveillanceSurvivorUITests.build/SurveillanceSurvivorUITests-generated-files.hmap -Xcc -I/tmp/surveillance-survivor-launch-smoke-device-derived-data/Build/Intermediates.noindex/SurveillanceSurvivor.build/Debug-iphoneos/SurveillanceSurvivorUITests.build/SurveillanceSurvivorUITests-own-target-headers.hmap -Xcc -I/tmp/surveillance-survivor-launch-smoke-device-derived-data/Build/Intermediates.noindex/SurveillanceSurvivor.build/Debug-iphoneos/SurveillanceSurvivorUITests.build/SurveillanceSurvivorUITests-all-non-framework-target-headers.hmap -Xcc -ivfsoverlay -Xcc /tmp/surveillance-survivor-launch-smoke-device-derived-data/Build/Intermediates.noindex/SurveillanceSurvivor.build/Debug-iphoneos/SurveillanceSurvivor-34fbea025995813710bbf8ed207b7960-VFS-iphoneos/all-product-headers.yaml -Xcc -iquote -Xcc /tmp/surveillance-survivor-launch-smoke-device-derived-data/Build/Intermediates.noindex/SurveillanceSurvivor.build/Debug-iphoneos/SurveillanceSurvivorUITests.build/SurveillanceSurvivorUITests-project-headers.hmap -Xcc -I/tmp/surveillance-survivor-launch-smoke-device-derived-data/Build/Products/Debug-iphoneos/include -Xcc -I/tmp/surveillance-survivor-launch-smoke-device-derived-data/Build/Intermediates.noindex/SurveillanceSurvivor.build/Debug-iphoneos/SurveillanceSurvivorUITests.build/DerivedSources-normal/arm64 -Xcc -I/tmp/surveillance-survivor-launch-smoke-device-derived-data/Build/Intermediates.noindex/SurveillanceSurvivor.build/Debug-iphoneos/SurveillanceSurvivorUITests.build/DerivedSources/arm64 -Xcc -I/tmp/surveillance-survivor-launch-smoke-device-derived-data/Build/Intermediates.noindex/SurveillanceSurvivor.build/Debug-iphoneos/SurveillanceSurvivorUITests.build/DerivedSources -Xcc -DDEBUG\=1 -emit-objc-header -emit-objc-header-path /tmp/surveillance-survivor-launch-smoke-device-derived-data/Build/Intermediates.noindex/SurveillanceSurvivor.build/Debug-iphoneos/SurveillanceSurvivorUITests.build/Objects-normal/arm64/SurveillanceSurvivorUITests-Swift.h -working-directory /Users/appliedalchemylabs/Documents/Surveillance-Survivor -experimental-emit-module-separately -disable-cmo

Copy /tmp/surveillance-survivor-launch-smoke-device-derived-data/Build/Products/Debug-iphoneos/SurveillanceSurvivorUITests.swiftmodule/Project/arm64-apple-ios.swiftsourceinfo /tmp/surveillance-survivor-launch-smoke-device-derived-data/Build/Intermediates.noindex/SurveillanceSurvivor.build/Debug-iphoneos/SurveillanceSurvivorUITests.build/Objects-normal/arm64/SurveillanceSurvivorUITests.swiftsourceinfo (in target 'SurveillanceSurvivorUITests' from project 'SurveillanceSurvivor')
    cd /Users/appliedalchemylabs/Documents/Surveillance-Survivor
    builtin-copy -exclude .DS_Store -exclude CVS -exclude .svn -exclude .git -exclude .hg -resolve-src-symlinks -rename /tmp/surveillance-survivor-launch-smoke-device-derived-data/Build/Intermediates.noindex/SurveillanceSurvivor.build/Debug-iphoneos/SurveillanceSurvivorUITests.build/Objects-normal/arm64/SurveillanceSurvivorUITests.swiftsourceinfo /tmp/surveillance-survivor-launch-smoke-device-derived-data/Build/Products/Debug-iphoneos/SurveillanceSurvivorUITests.swiftmodule/Project/arm64-apple-ios.swiftsourceinfo

Copy /tmp/surveillance-survivor-launch-smoke-device-derived-data/Build/Products/Debug-iphoneos/SurveillanceSurvivorUITests.swiftmodule/arm64-apple-ios.abi.json /tmp/surveillance-survivor-launch-smoke-device-derived-data/Build/Intermediates.noindex/SurveillanceSurvivor.build/Debug-iphoneos/SurveillanceSurvivorUITests.build/Objects-normal/arm64/SurveillanceSurvivorUITests.abi.json (in target 'SurveillanceSurvivorUITests' from project 'SurveillanceSurvivor')
    cd /Users/appliedalchemylabs/Documents/Surveillance-Survivor
    builtin-copy -exclude .DS_Store -exclude CVS -exclude .svn -exclude .git -exclude .hg -resolve-src-symlinks -rename /tmp/surveillance-survivor-launch-smoke-device-derived-data/Build/Intermediates.noindex/SurveillanceSurvivor.build/Debug-iphoneos/SurveillanceSurvivorUITests.build/Objects-normal/arm64/SurveillanceSurvivorUITests.abi.json /tmp/surveillance-survivor-launch-smoke-device-derived-data/Build/Products/Debug-iphoneos/SurveillanceSurvivorUITests.swiftmodule/arm64-apple-ios.abi.json

SwiftCompile normal arm64 Compiling\ BlindSpotCompassWiringTests.swift,\ BlindSpotWayfindingTests.swift,\ BossPhaseExposureTests.swift,\ BossPhaseHUDProjectionTests.swift,\ BuildEngineTests.swift /Users/appliedalchemylabs/Documents/Surveillance-Survivor/Tests/SurveillanceSurvivorTests/BlindSpotCompassWiringTests.swift /Users/appliedalchemylabs/Documents/Surveillance-Survivor/Tests/SurveillanceSurvivorTests/BlindSpotWayfindingTests.swift /Users/appliedalchemylabs/Documents/Surveillance-Survivor/Tests/SurveillanceCoreTests/BossPhaseExposureTests.swift /Users/appliedalchemylabs/Documents/Surveillance-Survivor/Tests/SurveillanceSurvivorTests/BossPhaseHUDProjectionTests.swift /Users/appliedalchemylabs/Documents/Surveillance-Survivor/Tests/SurveillanceCoreTests/BuildEngineTests.swift (in target 'SurveillanceSurvivorTests' from project 'SurveillanceSurvivor')

SwiftCompile normal arm64 /Users/appliedalchemylabs/Documents/Surveillance-Survivor/Tests/SurveillanceSurvivorTests/BlindSpotCompassWiringTests.swift (in target 'SurveillanceSurvivorTests' from project 'SurveillanceSurvivor')
    cd /Users/appliedalchemylabs/Documents/Surveillance-Survivor
    

SwiftCompile normal arm64 /Users/appliedalchemylabs/Documents/Surveillance-Survivor/Tests/SurveillanceSurvivorTests/BlindSpotWayfindingTests.swift (in target 'SurveillanceSurvivorTests' from project 'SurveillanceSurvivor')
    cd /Users/appliedalchemylabs/Documents/Surveillance-Survivor
    

SwiftCompile normal arm64 /Users/appliedalchemylabs/Documents/Surveillance-Survivor/Tests/SurveillanceCoreTests/BossPhaseExposureTests.swift (in target 'SurveillanceSurvivorTests' from project 'SurveillanceSurvivor')
    cd /Users/appliedalchemylabs/Documents/Surveillance-Survivor
    

SwiftCompile normal arm64 /Users/appliedalchemylabs/Documents/Surveillance-Survivor/Tests/SurveillanceSurvivorTests/BossPhaseHUDProjectionTests.swift (in target 'SurveillanceSurvivorTests' from project 'SurveillanceSurvivor')
    cd /Users/appliedalchemylabs/Documents/Surveillance-Survivor
    

SwiftCompile normal arm64 /Users/appliedalchemylabs/Documents/Surveillance-Survivor/Tests/SurveillanceCoreTests/BuildEngineTests.swift (in target 'SurveillanceSurvivorTests' from project 'SurveillanceSurvivor')
    cd /Users/appliedalchemylabs/Documents/Surveillance-Survivor
    

SwiftCompile normal arm64 Compiling\ InterruptionLifecycleTests.swift,\ LandmarkEncounterTests.swift,\ MasteryProgressStoreTests.swift,\ OptionalSpriteFrameCycleTests.swift /Users/appliedalchemylabs/Documents/Surveillance-Survivor/Tests/SurveillanceSurvivorTests/InterruptionLifecycleTests.swift /Users/appliedalchemylabs/Documents/Surveillance-Survivor/Tests/SurveillanceCoreTests/LandmarkEncounterTests.swift /Users/appliedalchemylabs/Documents/Surveillance-Survivor/Tests/SurveillanceSurvivorTests/MasteryProgressStoreTests.swift /Users/appliedalchemylabs/Documents/Surveillance-Survivor/Tests/SurveillanceSurvivorTests/OptionalSpriteFrameCycleTests.swift (in target 'SurveillanceSurvivorTests' from project 'SurveillanceSurvivor')

SwiftCompile normal arm64 /Users/appliedalchemylabs/Documents/Surveillance-Survivor/Tests/SurveillanceSurvivorTests/InterruptionLifecycleTests.swift (in target 'SurveillanceSurvivorTests' from project 'SurveillanceSurvivor')
    cd /Users/appliedalchemylabs/Documents/Surveillance-Survivor
    

SwiftCompile normal arm64 /Users/appliedalchemylabs/Documents/Surveillance-Survivor/Tests/SurveillanceCoreTests/LandmarkEncounterTests.swift (in target 'SurveillanceSurvivorTests' from project 'SurveillanceSurvivor')
    cd /Users/appliedalchemylabs/Documents/Surveillance-Survivor
    

SwiftCompile normal arm64 /Users/appliedalchemylabs/Documents/Surveillance-Survivor/Tests/SurveillanceSurvivorTests/MasteryProgressStoreTests.swift (in target 'SurveillanceSurvivorTests' from project 'SurveillanceSurvivor')
    cd /Users/appliedalchemylabs/Documents/Surveillance-Survivor
    

SwiftCompile normal arm64 /Users/appliedalchemylabs/Documents/Surveillance-Survivor/Tests/SurveillanceSurvivorTests/OptionalSpriteFrameCycleTests.swift (in target 'SurveillanceSurvivorTests' from project 'SurveillanceSurvivor')
    cd /Users/appliedalchemylabs/Documents/Surveillance-Survivor
    

SwiftCompile normal arm64 Compiling\ EmulatorExtractionSmokeTests.swift,\ EmulatorVisualAssetSmokeTests.swift,\ FrameTimeDiagnosticsTests.swift,\ InteractableTests.swift /Users/appliedalchemylabs/Documents/Surveillance-Survivor/Tests/SurveillanceSurvivorTests/EmulatorExtractionSmokeTests.swift /Users/appliedalchemylabs/Documents/Surveillance-Survivor/Tests/SurveillanceSurvivorTests/EmulatorVisualAssetSmokeTests.swift /Users/appliedalchemylabs/Documents/Surveillance-Survivor/Tests/SurveillanceSurvivorTests/FrameTimeDiagnosticsTests.swift /Users/appliedalchemylabs/Documents/Surveillance-Survivor/Tests/SurveillanceCoreTests/InteractableTests.swift (in target 'SurveillanceSurvivorTests' from project 'SurveillanceSurvivor')

SwiftCompile normal arm64 /Users/appliedalchemylabs/Documents/Surveillance-Survivor/Tests/SurveillanceSurvivorTests/EmulatorExtractionSmokeTests.swift (in target 'SurveillanceSurvivorTests' from project 'SurveillanceSurvivor')
    cd /Users/appliedalchemylabs/Documents/Surveillance-Survivor
    

SwiftCompile normal arm64 /Users/appliedalchemylabs/Documents/Surveillance-Survivor/Tests/SurveillanceSurvivorTests/EmulatorVisualAssetSmokeTests.swift (in target 'SurveillanceSurvivorTests' from project 'SurveillanceSurvivor')
    cd /Users/appliedalchemylabs/Documents/Surveillance-Survivor
    

SwiftCompile normal arm64 /Users/appliedalchemylabs/Documents/Surveillance-Survivor/Tests/SurveillanceSurvivorTests/FrameTimeDiagnosticsTests.swift (in target 'SurveillanceSurvivorTests' from project 'SurveillanceSurvivor')
    cd /Users/appliedalchemylabs/Documents/Surveillance-Survivor
    

SwiftCompile normal arm64 /Users/appliedalchemylabs/Documents/Surveillance-Survivor/Tests/SurveillanceCoreTests/InteractableTests.swift (in target 'SurveillanceSurvivorTests' from project 'SurveillanceSurvivor')
    cd /Users/appliedalchemylabs/Documents/Surveillance-Survivor
    

SwiftCompile normal arm64 Compiling\ CampaignPersistenceHardeningTests.swift,\ CampaignProgressStoreTests.swift,\ CampaignProgressTests.swift,\ ChallengeMasteryTests.swift /Users/appliedalchemylabs/Documents/Surveillance-Survivor/Tests/SurveillanceSurvivorTests/CampaignPersistenceHardeningTests.swift /Users/appliedalchemylabs/Documents/Surveillance-Survivor/Tests/SurveillanceSurvivorTests/CampaignProgressStoreTests.swift /Users/appliedalchemylabs/Documents/Surveillance-Survivor/Tests/SurveillanceCoreTests/CampaignProgressTests.swift /Users/appliedalchemylabs/Documents/Surveillance-Survivor/Tests/SurveillanceCoreTests/ChallengeMasteryTests.swift (in target 'SurveillanceSurvivorTests' from project 'SurveillanceSurvivor')

SwiftCompile normal arm64 /Users/appliedalchemylabs/Documents/Surveillance-Survivor/Tests/SurveillanceSurvivorTests/CampaignPersistenceHardeningTests.swift (in target 'SurveillanceSurvivorTests' from project 'SurveillanceSurvivor')
    cd /Users/appliedalchemylabs/Documents/Surveillance-Survivor
    

SwiftCompile normal arm64 /Users/appliedalchemylabs/Documents/Surveillance-Survivor/Tests/SurveillanceSurvivorTests/CampaignProgressStoreTests.swift (in target 'SurveillanceSurvivorTests' from project 'SurveillanceSurvivor')
    cd /Users/appliedalchemylabs/Documents/Surveillance-Survivor
    

SwiftCompile normal arm64 /Users/appliedalchemylabs/Documents/Surveillance-Survivor/Tests/SurveillanceCoreTests/CampaignProgressTests.swift (in target 'SurveillanceSurvivorTests' from project 'SurveillanceSurvivor')
    cd /Users/appliedalchemylabs/Documents/Surveillance-Survivor
    

SwiftCompile normal arm64 /Users/appliedalchemylabs/Documents/Surveillance-Survivor/Tests/SurveillanceCoreTests/ChallengeMasteryTests.swift (in target 'SurveillanceSurvivorTests' from project 'SurveillanceSurvivor')
    cd /Users/appliedalchemylabs/Documents/Surveillance-Survivor
    

SwiftCompile normal arm64 Compiling\ AccessibilitySettingsTests.swift,\ AdapterIsolationTests.swift,\ AudioBankTests.swift,\ AudioEventCatalogTests.swift,\ AutomationInvariantTests.swift /Users/appliedalchemylabs/Documents/Surveillance-Survivor/Tests/SurveillanceSurvivorTests/AccessibilitySettingsTests.swift /Users/appliedalchemylabs/Documents/Surveillance-Survivor/Tests/SurveillanceSurvivorTests/AdapterIsolationTests.swift /Users/appliedalchemylabs/Documents/Surveillance-Survivor/Tests/SurveillanceSurvivorTests/AudioBankTests.swift /Users/appliedalchemylabs/Documents/Surveillance-Survivor/Tests/SurveillanceCoreTests/AudioEventCatalogTests.swift /Users/appliedalchemylabs/Documents/Surveillance-Survivor/Tests/SurveillanceCoreTests/AutomationInvariantTests.swift (in target 'SurveillanceSurvivorTests' from project 'SurveillanceSurvivor')

SwiftCompile normal arm64 /Users/appliedalchemylabs/Documents/Surveillance-Survivor/Tests/SurveillanceSurvivorTests/AccessibilitySettingsTests.swift (in target 'SurveillanceSurvivorTests' from project 'SurveillanceSurvivor')
    cd /Users/appliedalchemylabs/Documents/Surveillance-Survivor
    

SwiftCompile normal arm64 /Users/appliedalchemylabs/Documents/Surveillance-Survivor/Tests/SurveillanceSurvivorTests/AdapterIsolationTests.swift (in target 'SurveillanceSurvivorTests' from project 'SurveillanceSurvivor')
    cd /Users/appliedalchemylabs/Documents/Surveillance-Survivor
    

SwiftCompile normal arm64 /Users/appliedalchemylabs/Documents/Surveillance-Survivor/Tests/SurveillanceSurvivorTests/AudioBankTests.swift (in target 'SurveillanceSurvivorTests' from project 'SurveillanceSurvivor')
    cd /Users/appliedalchemylabs/Documents/Surveillance-Survivor
    

SwiftCompile normal arm64 /Users/appliedalchemylabs/Documents/Surveillance-Survivor/Tests/SurveillanceCoreTests/AudioEventCatalogTests.swift (in target 'SurveillanceSurvivorTests' from project 'SurveillanceSurvivor')
    cd /Users/appliedalchemylabs/Documents/Surveillance-Survivor
    

SwiftCompile normal arm64 /Users/appliedalchemylabs/Documents/Surveillance-Survivor/Tests/SurveillanceCoreTests/AutomationInvariantTests.swift (in target 'SurveillanceSurvivorTests' from project 'SurveillanceSurvivor')
    cd /Users/appliedalchemylabs/Documents/Surveillance-Survivor
    

SwiftCompile normal arm64 Compiling\ CityStateTests.swift,\ CitySystemicRulesTests.swift,\ ClearingBuildTests.swift,\ ContentGraphIntegrityTests.swift /Users/appliedalchemylabs/Documents/Surveillance-Survivor/Tests/SurveillanceCoreTests/CityStateTests.swift /Users/appliedalchemylabs/Documents/Surveillance-Survivor/Tests/SurveillanceCoreTests/CitySystemicRulesTests.swift /Users/appliedalchemylabs/Documents/Surveillance-Survivor/Tests/SurveillanceCoreTests/ClearingBuildTests.swift /Users/appliedalchemylabs/Documents/Surveillance-Survivor/Tests/SurveillanceCoreTests/ContentGraphIntegrityTests.swift (in target 'SurveillanceSurvivorTests' from project 'SurveillanceSurvivor')

SwiftCompile normal arm64 /Users/appliedalchemylabs/Documents/Surveillance-Survivor/Tests/SurveillanceCoreTests/CityStateTests.swift (in target 'SurveillanceSurvivorTests' from project 'SurveillanceSurvivor')
    cd /Users/appliedalchemylabs/Documents/Surveillance-Survivor
    

SwiftCompile normal arm64 /Users/appliedalchemylabs/Documents/Surveillance-Survivor/Tests/SurveillanceCoreTests/CitySystemicRulesTests.swift (in target 'SurveillanceSurvivorTests' from project 'SurveillanceSurvivor')
    cd /Users/appliedalchemylabs/Documents/Surveillance-Survivor
    

SwiftCompile normal arm64 /Users/appliedalchemylabs/Documents/Surveillance-Survivor/Tests/SurveillanceCoreTests/ClearingBuildTests.swift (in target 'SurveillanceSurvivorTests' from project 'SurveillanceSurvivor')
    cd /Users/appliedalchemylabs/Documents/Surveillance-Survivor
    

SwiftCompile normal arm64 /Users/appliedalchemylabs/Documents/Surveillance-Survivor/Tests/SurveillanceCoreTests/ContentGraphIntegrityTests.swift (in target 'SurveillanceSurvivorTests' from project 'SurveillanceSurvivor')
    cd /Users/appliedalchemylabs/Documents/Surveillance-Survivor
    

SwiftCompile normal arm64 Compiling\ CoordinationGraphTests.swift,\ DistrictCampaignMatrixTests.swift,\ EmulatorCampaignUXTests.swift,\ EmulatorDistrictCatalogSmokeTests.swift /Users/appliedalchemylabs/Documents/Surveillance-Survivor/Tests/SurveillanceCoreTests/CoordinationGraphTests.swift /Users/appliedalchemylabs/Documents/Surveillance-Survivor/Tests/SurveillanceCoreTests/DistrictCampaignMatrixTests.swift /Users/appliedalchemylabs/Documents/Surveillance-Survivor/Tests/SurveillanceSurvivorTests/EmulatorCampaignUXTests.swift /Users/appliedalchemylabs/Documents/Surveillance-Survivor/Tests/SurveillanceSurvivorTests/EmulatorDistrictCatalogSmokeTests.swift (in target 'SurveillanceSurvivorTests' from project 'SurveillanceSurvivor')

SwiftCompile normal arm64 /Users/appliedalchemylabs/Documents/Surveillance-Survivor/Tests/SurveillanceCoreTests/CoordinationGraphTests.swift (in target 'SurveillanceSurvivorTests' from project 'SurveillanceSurvivor')
    cd /Users/appliedalchemylabs/Documents/Surveillance-Survivor
    
/Users/appliedalchemylabs/Documents/Surveillance-Survivor/Tests/SurveillanceCoreTests/CoordinationGraphTests.swift:17:9: warning: variable 'state' was never mutated; consider changing to 'let' constant
    var state = CoordinationState.idle
    ~~~ ^
    let

SwiftCompile normal arm64 /Users/appliedalchemylabs/Documents/Surveillance-Survivor/Tests/SurveillanceCoreTests/DistrictCampaignMatrixTests.swift (in target 'SurveillanceSurvivorTests' from project 'SurveillanceSurvivor')
    cd /Users/appliedalchemylabs/Documents/Surveillance-Survivor
    
/Users/appliedalchemylabs/Documents/Surveillance-Survivor/Tests/SurveillanceCoreTests/CoordinationGraphTests.swift:17:9: warning: variable 'state' was never mutated; consider changing to 'let' constant
    var state = CoordinationState.idle
    ~~~ ^
    let

SwiftCompile normal arm64 /Users/appliedalchemylabs/Documents/Surveillance-Survivor/Tests/SurveillanceSurvivorTests/EmulatorCampaignUXTests.swift (in target 'SurveillanceSurvivorTests' from project 'SurveillanceSurvivor')
    cd /Users/appliedalchemylabs/Documents/Surveillance-Survivor
    
/Users/appliedalchemylabs/Documents/Surveillance-Survivor/Tests/SurveillanceCoreTests/CoordinationGraphTests.swift:17:9: warning: variable 'state' was never mutated; consider changing to 'let' constant
    var state = CoordinationState.idle
    ~~~ ^
    let

SwiftCompile normal arm64 /Users/appliedalchemylabs/Documents/Surveillance-Survivor/Tests/SurveillanceSurvivorTests/EmulatorDistrictCatalogSmokeTests.swift (in target 'SurveillanceSurvivorTests' from project 'SurveillanceSurvivor')
    cd /Users/appliedalchemylabs/Documents/Surveillance-Survivor
    
/Users/appliedalchemylabs/Documents/Surveillance-Survivor/Tests/SurveillanceCoreTests/CoordinationGraphTests.swift:17:9: warning: variable 'state' was never mutated; consider changing to 'let' constant
    var state = CoordinationState.idle
    ~~~ ^
    let

SwiftCompile normal arm64 Compiling\ PlayabilityProbeTests.swift,\ PresentationPipelineTests.swift,\ RunReceiptStoreTests.swift,\ RunStoryTests.swift /Users/appliedalchemylabs/Documents/Surveillance-Survivor/Tests/SurveillanceCoreTests/PlayabilityProbeTests.swift /Users/appliedalchemylabs/Documents/Surveillance-Survivor/Tests/SurveillanceSurvivorTests/PresentationPipelineTests.swift /Users/appliedalchemylabs/Documents/Surveillance-Survivor/Tests/SurveillanceSurvivorTests/RunReceiptStoreTests.swift /Users/appliedalchemylabs/Documents/Surveillance-Survivor/Tests/SurveillanceCoreTests/RunStoryTests.swift (in target 'SurveillanceSurvivorTests' from project 'SurveillanceSurvivor')

SwiftCompile normal arm64 /Users/appliedalchemylabs/Documents/Surveillance-Survivor/Tests/SurveillanceCoreTests/PlayabilityProbeTests.swift (in target 'SurveillanceSurvivorTests' from project 'SurveillanceSurvivor')
    cd /Users/appliedalchemylabs/Documents/Surveillance-Survivor
    

SwiftCompile normal arm64 /Users/appliedalchemylabs/Documents/Surveillance-Survivor/Tests/SurveillanceSurvivorTests/PresentationPipelineTests.swift (in target 'SurveillanceSurvivorTests' from project 'SurveillanceSurvivor')
    cd /Users/appliedalchemylabs/Documents/Surveillance-Survivor
    

SwiftCompile normal arm64 /Users/appliedalchemylabs/Documents/Surveillance-Survivor/Tests/SurveillanceSurvivorTests/RunReceiptStoreTests.swift (in target 'SurveillanceSurvivorTests' from project 'SurveillanceSurvivor')
    cd /Users/appliedalchemylabs/Documents/Surveillance-Survivor
    

SwiftCompile normal arm64 /Users/appliedalchemylabs/Documents/Surveillance-Survivor/Tests/SurveillanceCoreTests/RunStoryTests.swift (in target 'SurveillanceSurvivorTests' from project 'SurveillanceSurvivor')
    cd /Users/appliedalchemylabs/Documents/Surveillance-Survivor
    

SwiftEmitModule normal arm64 Emitting\ module\ for\ SurveillanceSurvivorTests (in target 'SurveillanceSurvivorTests' from project 'SurveillanceSurvivor')

EmitSwiftModule normal arm64 (in target 'SurveillanceSurvivorTests' from project 'SurveillanceSurvivor')
    cd /Users/appliedalchemylabs/Documents/Surveillance-Survivor
    

SwiftDriverJobDiscovery normal arm64 Compiling LaunchUITests.swift (in target 'SurveillanceSurvivorUITests' from project 'SurveillanceSurvivor')

SwiftDriver\ Compilation SurveillanceSurvivorUITests normal arm64 com.apple.xcode.tools.swift.compiler (in target 'SurveillanceSurvivorUITests' from project 'SurveillanceSurvivor')
    cd /Users/appliedalchemylabs/Documents/Surveillance-Survivor
    builtin-Swift-Compilation -- /Applications/Xcode.app/Contents/Developer/Toolchains/XcodeDefault.xctoolchain/usr/bin/swiftc -module-name SurveillanceSurvivorUITests -Onone @/tmp/surveillance-survivor-launch-smoke-device-derived-data/Build/Intermediates.noindex/SurveillanceSurvivor.build/Debug-iphoneos/SurveillanceSurvivorUITests.build/Objects-normal/arm64/SurveillanceSurvivorUITests.SwiftFileList -DDEBUG -module-alias Testing\=_Testing_Unavailable -plugin-path /Applications/Xcode.app/Contents/Developer/Toolchains/XcodeDefault.xctoolchain/usr/lib/swift/host/plugins/testing -enable-experimental-feature DebugDescriptionMacro -sdk /Applications/Xcode.app/Contents/Developer/Platforms/iPhoneOS.platform/Developer/SDKs/iPhoneOS26.5.sdk -target arm64-apple-ios18.0 -g -module-cache-path /tmp/surveillance-survivor-launch-smoke-device-derived-data/ModuleCache.noindex -Xfrontend -serialize-debugging-options -enable-testing -index-store-path /tmp/surveillance-survivor-launch-smoke-device-derived-data/Index.noindex/DataStore -Xcc -D_LIBCPP_HARDENING_MODE\=_LIBCPP_HARDENING_MODE_DEBUG -swift-version 6 -I /tmp/surveillance-survivor-launch-smoke-device-derived-data/Build/Products/Debug-iphoneos -Isystem /Applications/Xcode.app/Contents/Developer/Platforms/iPhoneOS.platform/Developer/usr/lib -F /tmp/surveillance-survivor-launch-smoke-device-derived-data/Build/Products/Debug-iphoneos -F /Applications/Xcode.app/Contents/Developer/Platforms/iPhoneOS.platform/Developer/Library/Frameworks -F /Applications/Xcode.app/Contents/Developer/Platforms/iPhoneOS.platform/Developer/SDKs/iPhoneOS26.5.sdk/Developer/Library/Frameworks -c -j10 -enable-batch-mode -incremental -Xcc -ivfsstatcache -Xcc /tmp/surveillance-survivor-launch-smoke-device-derived-data/SDKStatCaches.noindex/iphoneos26.5-23F73-32daed1954a7d5dd0789fcaf2a9bb78b.sdkstatcache -output-file-map /tmp/surveillance-survivor-launch-smoke-device-derived-data/Build/Intermediates.noindex/SurveillanceSurvivor.build/Debug-iphoneos/SurveillanceSurvivorUITests.build/Objects-normal/arm64/SurveillanceSurvivorUITests-OutputFileMap.json -use-frontend-parseable-output -save-temps -no-color-diagnostics -explicit-module-build -module-cache-path /tmp/surveillance-survivor-launch-smoke-device-derived-data/Build/Intermediates.noindex/SwiftExplicitPrecompiledModules -clang-scanner-module-cache-path /tmp/surveillance-survivor-launch-smoke-device-derived-data/ModuleCache.noindex -sdk-module-cache-path /tmp/surveillance-survivor-launch-smoke-device-derived-data/ModuleCache.noindex -serialize-diagnostics -emit-dependencies -emit-module -emit-module-path /tmp/surveillance-survivor-launch-smoke-device-derived-data/Build/Intermediates.noindex/SurveillanceSurvivor.build/Debug-iphoneos/SurveillanceSurvivorUITests.build/Objects-normal/arm64/SurveillanceSurvivorUITests.swiftmodule -validate-clang-modules-once -clang-build-session-file /tmp/surveillance-survivor-launch-smoke-device-derived-data/ModuleCache.noindex/Session.modulevalidation -Xcc -I/tmp/surveillance-survivor-launch-smoke-device-derived-data/Build/Intermediates.noindex/SurveillanceSurvivor.build/Debug-iphoneos/SurveillanceSurvivorUITests.build/swift-overrides.hmap -emit-const-values -Xfrontend -const-gather-protocols-file -Xfrontend /tmp/surveillance-survivor-launch-smoke-device-derived-data/Build/Intermediates.noindex/SurveillanceSurvivor.build/Debug-iphoneos/SurveillanceSurvivorUITests.build/Objects-normal/arm64/SurveillanceSurvivorUITests_const_extract_protocols.json -Xcc -iquote -Xcc /tmp/surveillance-survivor-launch-smoke-device-derived-data/Build/Intermediates.noindex/SurveillanceSurvivor.build/Debug-iphoneos/SurveillanceSurvivorUITests.build/SurveillanceSurvivorUITests-generated-files.hmap -Xcc -I/tmp/surveillance-survivor-launch-smoke-device-derived-data/Build/Intermediates.noindex/SurveillanceSurvivor.build/Debug-iphoneos/SurveillanceSurvivorUITests.build/SurveillanceSurvivorUITests-own-target-headers.hmap -Xcc -I/tmp/surveillance-survivor-launch-smoke-device-derived-data/Build/Intermediates.noindex/SurveillanceSurvivor.build/Debug-iphoneos/SurveillanceSurvivorUITests.build/SurveillanceSurvivorUITests-all-non-framework-target-headers.hmap -Xcc -ivfsoverlay -Xcc /tmp/surveillance-survivor-launch-smoke-device-derived-data/Build/Intermediates.noindex/SurveillanceSurvivor.build/Debug-iphoneos/SurveillanceSurvivor-34fbea025995813710bbf8ed207b7960-VFS-iphoneos/all-product-headers.yaml -Xcc -iquote -Xcc /tmp/surveillance-survivor-launch-smoke-device-derived-data/Build/Intermediates.noindex/SurveillanceSurvivor.build/Debug-iphoneos/SurveillanceSurvivorUITests.build/SurveillanceSurvivorUITests-project-headers.hmap -Xcc -I/tmp/surveillance-survivor-launch-smoke-device-derived-data/Build/Products/Debug-iphoneos/include -Xcc -I/tmp/surveillance-survivor-launch-smoke-device-derived-data/Build/Intermediates.noindex/SurveillanceSurvivor.build/Debug-iphoneos/SurveillanceSurvivorUITests.build/DerivedSources-normal/arm64 -Xcc -I/tmp/surveillance-survivor-launch-smoke-device-derived-data/Build/Intermediates.noindex/SurveillanceSurvivor.build/Debug-iphoneos/SurveillanceSurvivorUITests.build/DerivedSources/arm64 -Xcc -I/tmp/surveillance-survivor-launch-smoke-device-derived-data/Build/Intermediates.noindex/SurveillanceSurvivor.build/Debug-iphoneos/SurveillanceSurvivorUITests.build/DerivedSources -Xcc -DDEBUG\=1 -emit-objc-header -emit-objc-header-path /tmp/surveillance-survivor-launch-smoke-device-derived-data/Build/Intermediates.noindex/SurveillanceSurvivor.build/Debug-iphoneos/SurveillanceSurvivorUITests.build/Objects-normal/arm64/SurveillanceSurvivorUITests-Swift.h -working-directory /Users/appliedalchemylabs/Documents/Surveillance-Survivor -experimental-emit-module-separately -disable-cmo

SwiftDriverJobDiscovery normal arm64 Compiling BlindSpotCompassWiringTests.swift, BlindSpotWayfindingTests.swift, BossPhaseExposureTests.swift, BossPhaseHUDProjectionTests.swift, BuildEngineTests.swift (in target 'SurveillanceSurvivorTests' from project 'SurveillanceSurvivor')

SwiftCompile normal arm64 Compiling\ VirtualStickTests.swift,\ VisualAssetMapTests.swift,\ VisualCombatReadabilityTests.swift,\ WorldProjectorReducedFlashTests.swift /Users/appliedalchemylabs/Documents/Surveillance-Survivor/Tests/SurveillanceSurvivorTests/VirtualStickTests.swift /Users/appliedalchemylabs/Documents/Surveillance-Survivor/Tests/SurveillanceSurvivorTests/VisualAssetMapTests.swift /Users/appliedalchemylabs/Documents/Surveillance-Survivor/Tests/SurveillanceSurvivorTests/VisualCombatReadabilityTests.swift /Users/appliedalchemylabs/Documents/Surveillance-Survivor/Tests/SurveillanceSurvivorTests/WorldProjectorReducedFlashTests.swift (in target 'SurveillanceSurvivorTests' from project 'SurveillanceSurvivor')

SwiftCompile normal arm64 /Users/appliedalchemylabs/Documents/Surveillance-Survivor/Tests/SurveillanceSurvivorTests/VirtualStickTests.swift (in target 'SurveillanceSurvivorTests' from project 'SurveillanceSurvivor')
    cd /Users/appliedalchemylabs/Documents/Surveillance-Survivor
    

SwiftCompile normal arm64 /Users/appliedalchemylabs/Documents/Surveillance-Survivor/Tests/SurveillanceSurvivorTests/VisualAssetMapTests.swift (in target 'SurveillanceSurvivorTests' from project 'SurveillanceSurvivor')
    cd /Users/appliedalchemylabs/Documents/Surveillance-Survivor
    

SwiftCompile normal arm64 /Users/appliedalchemylabs/Documents/Surveillance-Survivor/Tests/SurveillanceSurvivorTests/VisualCombatReadabilityTests.swift (in target 'SurveillanceSurvivorTests' from project 'SurveillanceSurvivor')
    cd /Users/appliedalchemylabs/Documents/Surveillance-Survivor
    

SwiftCompile normal arm64 /Users/appliedalchemylabs/Documents/Surveillance-Survivor/Tests/SurveillanceSurvivorTests/WorldProjectorReducedFlashTests.swift (in target 'SurveillanceSurvivorTests' from project 'SurveillanceSurvivor')
    cd /Users/appliedalchemylabs/Documents/Surveillance-Survivor
    

SwiftCompile normal arm64 Compiling\ SimulationTests.swift,\ SimulatorGameplaySmokeTests.swift,\ SuspicionDirectorTests.swift,\ UpgradeOfferBiasTests.swift /Users/appliedalchemylabs/Documents/Surveillance-Survivor/Tests/SurveillanceCoreTests/SimulationTests.swift /Users/appliedalchemylabs/Documents/Surveillance-Survivor/Tests/SurveillanceSurvivorTests/SimulatorGameplaySmokeTests.swift /Users/appliedalchemylabs/Documents/Surveillance-Survivor/Tests/SurveillanceCoreTests/SuspicionDirectorTests.swift /Users/appliedalchemylabs/Documents/Surveillance-Survivor/Tests/SurveillanceCoreTests/UpgradeOfferBiasTests.swift (in target 'SurveillanceSurvivorTests' from project 'SurveillanceSurvivor')
SwiftCompile normal arm64 /Users/appliedalchemylabs/Documents/Surveillance-Survivor/Tests/SurveillanceCoreTests/SimulationTests.swift (in target 'SurveillanceSurvivorTests' from project 'SurveillanceSurvivor')
    cd /Users/appliedalchemylabs/Documents/Surveillance-Survivor
    

SwiftCompile normal arm64 /Users/appliedalchemylabs/Documents/Surveillance-Survivor/Tests/SurveillanceSurvivorTests/SimulatorGameplaySmokeTests.swift (in target 'SurveillanceSurvivorTests' from project 'SurveillanceSurvivor')
    cd /Users/appliedalchemylabs/Documents/Surveillance-Survivor
    

SwiftCompile normal arm64 /Users/appliedalchemylabs/Documents/Surveillance-Survivor/Tests/SurveillanceCoreTests/SuspicionDirectorTests.swift (in target 'SurveillanceSurvivorTests' from project 'SurveillanceSurvivor')
    cd /Users/appliedalchemylabs/Documents/Surveillance-Survivor
    

SwiftCompile normal arm64 /Users/appliedalchemylabs/Documents/Surveillance-Survivor/Tests/SurveillanceCoreTests/UpgradeOfferBiasTests.swift (in target 'SurveillanceSurvivorTests' from project 'SurveillanceSurvivor')
    cd /Users/appliedalchemylabs/Documents/Surveillance-Survivor
    

SwiftDriverJobDiscovery normal arm64 Compiling PlayabilityProbeTests.swift, PresentationPipelineTests.swift, RunReceiptStoreTests.swift, RunStoryTests.swift (in target 'SurveillanceSurvivorTests' from project 'SurveillanceSurvivor')

SwiftDriverJobDiscovery normal arm64 Compiling CityStateTests.swift, CitySystemicRulesTests.swift, ClearingBuildTests.swift, ContentGraphIntegrityTests.swift (in target 'SurveillanceSurvivorTests' from project 'SurveillanceSurvivor')

SwiftDriverJobDiscovery normal arm64 Compiling InterruptionLifecycleTests.swift, LandmarkEncounterTests.swift, MasteryProgressStoreTests.swift, OptionalSpriteFrameCycleTests.swift (in target 'SurveillanceSurvivorTests' from project 'SurveillanceSurvivor')

SwiftDriverJobDiscovery normal arm64 Compiling CampaignPersistenceHardeningTests.swift, CampaignProgressStoreTests.swift, CampaignProgressTests.swift, ChallengeMasteryTests.swift (in target 'SurveillanceSurvivorTests' from project 'SurveillanceSurvivor')

SwiftDriverJobDiscovery normal arm64 Emitting module for SurveillanceSurvivorTests (in target 'SurveillanceSurvivorTests' from project 'SurveillanceSurvivor')

SwiftDriver\ Compilation\ Requirements SurveillanceSurvivorTests normal arm64 com.apple.xcode.tools.swift.compiler (in target 'SurveillanceSurvivorTests' from project 'SurveillanceSurvivor')
    cd /Users/appliedalchemylabs/Documents/Surveillance-Survivor
    builtin-Swift-Compilation-Requirements -- /Applications/Xcode.app/Contents/Developer/Toolchains/XcodeDefault.xctoolchain/usr/bin/swiftc -module-name SurveillanceSurvivorTests -Onone @/tmp/surveillance-survivor-launch-smoke-device-derived-data/Build/Intermediates.noindex/SurveillanceSurvivor.build/Debug-iphoneos/SurveillanceSurvivorTests.build/Objects-normal/arm64/SurveillanceSurvivorTests.SwiftFileList -DDEBUG -plugin-path /Applications/Xcode.app/Contents/Developer/Toolchains/XcodeDefault.xctoolchain/usr/lib/swift/host/plugins/testing -enable-experimental-feature DebugDescriptionMacro -sdk /Applications/Xcode.app/Contents/Developer/Platforms/iPhoneOS.platform/Developer/SDKs/iPhoneOS26.5.sdk -target arm64-apple-ios18.0 -g -module-cache-path /tmp/surveillance-survivor-launch-smoke-device-derived-data/ModuleCache.noindex -Xfrontend -serialize-debugging-options -enable-testing -index-store-path /tmp/surveillance-survivor-launch-smoke-device-derived-data/Index.noindex/DataStore -Xcc -D_LIBCPP_HARDENING_MODE\=_LIBCPP_HARDENING_MODE_DEBUG -swift-version 6 -I /tmp/surveillance-survivor-launch-smoke-device-derived-data/Build/Products/Debug-iphoneos -Isystem /Applications/Xcode.app/Contents/Developer/Platforms/iPhoneOS.platform/Developer/usr/lib -F /tmp/surveillance-survivor-launch-smoke-device-derived-data/Build/Products/Debug-iphoneos -F /Applications/Xcode.app/Contents/Developer/Platforms/iPhoneOS.platform/Developer/Library/Frameworks -F /Applications/Xcode.app/Contents/Developer/Platforms/iPhoneOS.platform/Developer/SDKs/iPhoneOS26.5.sdk/Developer/Library/Frameworks -c -j10 -enable-batch-mode -incremental -Xcc -ivfsstatcache -Xcc /tmp/surveillance-survivor-launch-smoke-device-derived-data/SDKStatCaches.noindex/iphoneos26.5-23F73-32daed1954a7d5dd0789fcaf2a9bb78b.sdkstatcache -output-file-map /tmp/surveillance-survivor-launch-smoke-device-derived-data/Build/Intermediates.noindex/SurveillanceSurvivor.build/Debug-iphoneos/SurveillanceSurvivorTests.build/Objects-normal/arm64/SurveillanceSurvivorTests-OutputFileMap.json -use-frontend-parseable-output -save-temps -no-color-diagnostics -explicit-module-build -module-cache-path /tmp/surveillance-survivor-launch-smoke-device-derived-data/Build/Intermediates.noindex/SwiftExplicitPrecompiledModules -clang-scanner-module-cache-path /tmp/surveillance-survivor-launch-smoke-device-derived-data/ModuleCache.noindex -sdk-module-cache-path /tmp/surveillance-survivor-launch-smoke-device-derived-data/ModuleCache.noindex -serialize-diagnostics -emit-dependencies -emit-module -emit-module-path /tmp/surveillance-survivor-launch-smoke-device-derived-data/Build/Intermediates.noindex/SurveillanceSurvivor.build/Debug-iphoneos/SurveillanceSurvivorTests.build/Objects-normal/arm64/SurveillanceSurvivorTests.swiftmodule -validate-clang-modules-once -clang-build-session-file /tmp/surveillance-survivor-launch-smoke-device-derived-data/ModuleCache.noindex/Session.modulevalidation -Xcc -I/tmp/surveillance-survivor-launch-smoke-device-derived-data/Build/Intermediates.noindex/SurveillanceSurvivor.build/Debug-iphoneos/SurveillanceSurvivorTests.build/swift-overrides.hmap -emit-const-values -Xfrontend -const-gather-protocols-file -Xfrontend /tmp/surveillance-survivor-launch-smoke-device-derived-data/Build/Intermediates.noindex/SurveillanceSurvivor.build/Debug-iphoneos/SurveillanceSurvivorTests.build/Objects-normal/arm64/SurveillanceSurvivorTests_const_extract_protocols.json -Xcc -iquote -Xcc /tmp/surveillance-survivor-launch-smoke-device-derived-data/Build/Intermediates.noindex/SurveillanceSurvivor.build/Debug-iphoneos/SurveillanceSurvivorTests.build/SurveillanceSurvivorTests-generated-files.hmap -Xcc -I/tmp/surveillance-survivor-launch-smoke-device-derived-data/Build/Intermediates.noindex/SurveillanceSurvivor.build/Debug-iphoneos/SurveillanceSurvivorTests.build/SurveillanceSurvivorTests-own-target-headers.hmap -Xcc -I/tmp/surveillance-survivor-launch-smoke-device-derived-data/Build/Intermediates.noindex/SurveillanceSurvivor.build/Debug-iphoneos/SurveillanceSurvivorTests.build/SurveillanceSurvivorTests-all-non-framework-target-headers.hmap -Xcc -ivfsoverlay -Xcc /tmp/surveillance-survivor-launch-smoke-device-derived-data/Build/Intermediates.noindex/SurveillanceSurvivor.build/Debug-iphoneos/SurveillanceSurvivor-34fbea025995813710bbf8ed207b7960-VFS-iphoneos/all-product-headers.yaml -Xcc -iquote -Xcc /tmp/surveillance-survivor-launch-smoke-device-derived-data/Build/Intermediates.noindex/SurveillanceSurvivor.build/Debug-iphoneos/SurveillanceSurvivorTests.build/SurveillanceSurvivorTests-project-headers.hmap -Xcc -I/tmp/surveillance-survivor-launch-smoke-device-derived-data/Build/Products/Debug-iphoneos/include -Xcc -I/tmp/surveillance-survivor-launch-smoke-device-derived-data/Build/Intermediates.noindex/SurveillanceSurvivor.build/Debug-iphoneos/SurveillanceSurvivorTests.build/DerivedSources-normal/arm64 -Xcc -I/tmp/surveillance-survivor-launch-smoke-device-derived-data/Build/Intermediates.noindex/SurveillanceSurvivor.build/Debug-iphoneos/SurveillanceSurvivorTests.build/DerivedSources/arm64 -Xcc -I/tmp/surveillance-survivor-launch-smoke-device-derived-data/Build/Intermediates.noindex/SurveillanceSurvivor.build/Debug-iphoneos/SurveillanceSurvivorTests.build/DerivedSources -Xcc -DDEBUG\=1 -emit-objc-header -emit-objc-header-path /tmp/surveillance-survivor-launch-smoke-device-derived-data/Build/Intermediates.noindex/SurveillanceSurvivor.build/Debug-iphoneos/SurveillanceSurvivorTests.build/Objects-normal/arm64/SurveillanceSurvivorTests-Swift.h -working-directory /Users/appliedalchemylabs/Documents/Surveillance-Survivor -experimental-emit-module-separately -disable-cmo

Copy /tmp/surveillance-survivor-launch-smoke-device-derived-data/Build/Products/Debug-iphoneos/SurveillanceSurvivorTests.swiftmodule/arm64-apple-ios.swiftmodule /tmp/surveillance-survivor-launch-smoke-device-derived-data/Build/Intermediates.noindex/SurveillanceSurvivor.build/Debug-iphoneos/SurveillanceSurvivorTests.build/Objects-normal/arm64/SurveillanceSurvivorTests.swiftmodule (in target 'SurveillanceSurvivorTests' from project 'SurveillanceSurvivor')
    cd /Users/appliedalchemylabs/Documents/Surveillance-Survivor
    builtin-copy -exclude .DS_Store -exclude CVS -exclude .svn -exclude .git -exclude .hg -resolve-src-symlinks -rename /tmp/surveillance-survivor-launch-smoke-device-derived-data/Build/Intermediates.noindex/SurveillanceSurvivor.build/Debug-iphoneos/SurveillanceSurvivorTests.build/Objects-normal/arm64/SurveillanceSurvivorTests.swiftmodule /tmp/surveillance-survivor-launch-smoke-device-derived-data/Build/Products/Debug-iphoneos/SurveillanceSurvivorTests.swiftmodule/arm64-apple-ios.swiftmodule

Copy /tmp/surveillance-survivor-launch-smoke-device-derived-data/Build/Products/Debug-iphoneos/SurveillanceSurvivorTests.swiftmodule/arm64-apple-ios.swiftdoc /tmp/surveillance-survivor-launch-smoke-device-derived-data/Build/Intermediates.noindex/SurveillanceSurvivor.build/Debug-iphoneos/SurveillanceSurvivorTests.build/Objects-normal/arm64/SurveillanceSurvivorTests.swiftdoc (in target 'SurveillanceSurvivorTests' from project 'SurveillanceSurvivor')
    cd /Users/appliedalchemylabs/Documents/Surveillance-Survivor
    builtin-copy -exclude .DS_Store -exclude CVS -exclude .svn -exclude .git -exclude .hg -resolve-src-symlinks -rename /tmp/surveillance-survivor-launch-smoke-device-derived-data/Build/Intermediates.noindex/SurveillanceSurvivor.build/Debug-iphoneos/SurveillanceSurvivorTests.build/Objects-normal/arm64/SurveillanceSurvivorTests.swiftdoc /tmp/surveillance-survivor-launch-smoke-device-derived-data/Build/Products/Debug-iphoneos/SurveillanceSurvivorTests.swiftmodule/arm64-apple-ios.swiftdoc

Copy /tmp/surveillance-survivor-launch-smoke-device-derived-data/Build/Products/Debug-iphoneos/SurveillanceSurvivorTests.swiftmodule/arm64-apple-ios.abi.json /tmp/surveillance-survivor-launch-smoke-device-derived-data/Build/Intermediates.noindex/SurveillanceSurvivor.build/Debug-iphoneos/SurveillanceSurvivorTests.build/Objects-normal/arm64/SurveillanceSurvivorTests.abi.json (in target 'SurveillanceSurvivorTests' from project 'SurveillanceSurvivor')
    cd /Users/appliedalchemylabs/Documents/Surveillance-Survivor
    builtin-copy -exclude .DS_Store -exclude CVS -exclude .svn -exclude .git -exclude .hg -resolve-src-symlinks -rename /tmp/surveillance-survivor-launch-smoke-device-derived-data/Build/Intermediates.noindex/SurveillanceSurvivor.build/Debug-iphoneos/SurveillanceSurvivorTests.build/Objects-normal/arm64/SurveillanceSurvivorTests.abi.json /tmp/surveillance-survivor-launch-smoke-device-derived-data/Build/Products/Debug-iphoneos/SurveillanceSurvivorTests.swiftmodule/arm64-apple-ios.abi.json

Copy /tmp/surveillance-survivor-launch-smoke-device-derived-data/Build/Products/Debug-iphoneos/SurveillanceSurvivorTests.swiftmodule/Project/arm64-apple-ios.swiftsourceinfo /tmp/surveillance-survivor-launch-smoke-device-derived-data/Build/Intermediates.noindex/SurveillanceSurvivor.build/Debug-iphoneos/SurveillanceSurvivorTests.build/Objects-normal/arm64/SurveillanceSurvivorTests.swiftsourceinfo (in target 'SurveillanceSurvivorTests' from project 'SurveillanceSurvivor')
    cd /Users/appliedalchemylabs/Documents/Surveillance-Survivor
    builtin-copy -exclude .DS_Store -exclude CVS -exclude .svn -exclude .git -exclude .hg -resolve-src-symlinks -rename /tmp/surveillance-survivor-launch-smoke-device-derived-data/Build/Intermediates.noindex/SurveillanceSurvivor.build/Debug-iphoneos/SurveillanceSurvivorTests.build/Objects-normal/arm64/SurveillanceSurvivorTests.swiftsourceinfo /tmp/surveillance-survivor-launch-smoke-device-derived-data/Build/Products/Debug-iphoneos/SurveillanceSurvivorTests.swiftmodule/Project/arm64-apple-ios.swiftsourceinfo

SwiftDriverJobDiscovery normal arm64 Compiling EmulatorExtractionSmokeTests.swift, EmulatorVisualAssetSmokeTests.swift, FrameTimeDiagnosticsTests.swift, InteractableTests.swift (in target 'SurveillanceSurvivorTests' from project 'SurveillanceSurvivor')

SwiftDriverJobDiscovery normal arm64 Compiling CoordinationGraphTests.swift, DistrictCampaignMatrixTests.swift, EmulatorCampaignUXTests.swift, EmulatorDistrictCatalogSmokeTests.swift (in target 'SurveillanceSurvivorTests' from project 'SurveillanceSurvivor')

SwiftDriverJobDiscovery normal arm64 Compiling AccessibilitySettingsTests.swift, AdapterIsolationTests.swift, AudioBankTests.swift, AudioEventCatalogTests.swift, AutomationInvariantTests.swift (in target 'SurveillanceSurvivorTests' from project 'SurveillanceSurvivor')

SwiftDriverJobDiscovery normal arm64 Compiling VirtualStickTests.swift, VisualAssetMapTests.swift, VisualCombatReadabilityTests.swift, WorldProjectorReducedFlashTests.swift (in target 'SurveillanceSurvivorTests' from project 'SurveillanceSurvivor')

SwiftDriverJobDiscovery normal arm64 Compiling RootView.swift (in target 'SurveillanceSurvivor' from project 'SurveillanceSurvivor')

SwiftDriver\ Compilation SurveillanceSurvivor normal arm64 com.apple.xcode.tools.swift.compiler (in target 'SurveillanceSurvivor' from project 'SurveillanceSurvivor')
    cd /Users/appliedalchemylabs/Documents/Surveillance-Survivor
    builtin-Swift-Compilation -- /Applications/Xcode.app/Contents/Developer/Toolchains/XcodeDefault.xctoolchain/usr/bin/swiftc -module-name SurveillanceSurvivor -Onone @/tmp/surveillance-survivor-launch-smoke-device-derived-data/Build/Intermediates.noindex/SurveillanceSurvivor.build/Debug-iphoneos/SurveillanceSurvivor.build/Objects-normal/arm64/SurveillanceSurvivor.SwiftFileList -DDEBUG -enable-experimental-feature DebugDescriptionMacro -sdk /Applications/Xcode.app/Contents/Developer/Platforms/iPhoneOS.platform/Developer/SDKs/iPhoneOS26.5.sdk -target arm64-apple-ios18.0 -g -module-cache-path /tmp/surveillance-survivor-launch-smoke-device-derived-data/ModuleCache.noindex -Xfrontend -serialize-debugging-options -enable-testing -index-store-path /tmp/surveillance-survivor-launch-smoke-device-derived-data/Index.noindex/DataStore -Xcc -D_LIBCPP_HARDENING_MODE\=_LIBCPP_HARDENING_MODE_DEBUG -swift-version 6 -I /tmp/surveillance-survivor-launch-smoke-device-derived-data/Build/Products/Debug-iphoneos -F /tmp/surveillance-survivor-launch-smoke-device-derived-data/Build/Products/Debug-iphoneos -c -j10 -enable-batch-mode -incremental -Xcc -ivfsstatcache -Xcc /tmp/surveillance-survivor-launch-smoke-device-derived-data/SDKStatCaches.noindex/iphoneos26.5-23F73-32daed1954a7d5dd0789fcaf2a9bb78b.sdkstatcache -output-file-map /tmp/surveillance-survivor-launch-smoke-device-derived-data/Build/Intermediates.noindex/SurveillanceSurvivor.build/Debug-iphoneos/SurveillanceSurvivor.build/Objects-normal/arm64/SurveillanceSurvivor-OutputFileMap.json -use-frontend-parseable-output -save-temps -no-color-diagnostics -explicit-module-build -module-cache-path /tmp/surveillance-survivor-launch-smoke-device-derived-data/Build/Intermediates.noindex/SwiftExplicitPrecompiledModules -clang-scanner-module-cache-path /tmp/surveillance-survivor-launch-smoke-device-derived-data/ModuleCache.noindex -sdk-module-cache-path /tmp/surveillance-survivor-launch-smoke-device-derived-data/ModuleCache.noindex -serialize-diagnostics -emit-dependencies -emit-module -emit-module-path /tmp/surveillance-survivor-launch-smoke-device-derived-data/Build/Intermediates.noindex/SurveillanceSurvivor.build/Debug-iphoneos/SurveillanceSurvivor.build/Objects-normal/arm64/SurveillanceSurvivor.swiftmodule -validate-clang-modules-once -clang-build-session-file /tmp/surveillance-survivor-launch-smoke-device-derived-data/ModuleCache.noindex/Session.modulevalidation -Xcc -I/tmp/surveillance-survivor-launch-smoke-device-derived-data/Build/Intermediates.noindex/SurveillanceSurvivor.build/Debug-iphoneos/SurveillanceSurvivor.build/swift-overrides.hmap -emit-const-values -Xfrontend -const-gather-protocols-file -Xfrontend /tmp/surveillance-survivor-launch-smoke-device-derived-data/Build/Intermediates.noindex/SurveillanceSurvivor.build/Debug-iphoneos/SurveillanceSurvivor.build/Objects-normal/arm64/SurveillanceSurvivor_const_extract_protocols.json -Xcc -iquote -Xcc /tmp/surveillance-survivor-launch-smoke-device-derived-data/Build/Intermediates.noindex/SurveillanceSurvivor.build/Debug-iphoneos/SurveillanceSurvivor.build/SurveillanceSurvivor-generated-files.hmap -Xcc -I/tmp/surveillance-survivor-launch-smoke-device-derived-data/Build/Intermediates.noindex/SurveillanceSurvivor.build/Debug-iphoneos/SurveillanceSurvivor.build/SurveillanceSurvivor-own-target-headers.hmap -Xcc -I/tmp/surveillance-survivor-launch-smoke-device-derived-data/Build/Intermediates.noindex/SurveillanceSurvivor.build/Debug-iphoneos/SurveillanceSurvivor.build/SurveillanceSurvivor-all-non-framework-target-headers.hmap -Xcc -ivfsoverlay -Xcc /tmp/surveillance-survivor-launch-smoke-device-derived-data/Build/Intermediates.noindex/SurveillanceSurvivor.build/Debug-iphoneos/SurveillanceSurvivor-34fbea025995813710bbf8ed207b7960-VFS-iphoneos/all-product-headers.yaml -Xcc -iquote -Xcc /tmp/surveillance-survivor-launch-smoke-device-derived-data/Build/Intermediates.noindex/SurveillanceSurvivor.build/Debug-iphoneos/SurveillanceSurvivor.build/SurveillanceSurvivor-project-headers.hmap -Xcc -I/tmp/surveillance-survivor-launch-smoke-device-derived-data/Build/Products/Debug-iphoneos/include -Xcc -I/tmp/surveillance-survivor-launch-smoke-device-derived-data/Build/Intermediates.noindex/SurveillanceSurvivor.build/Debug-iphoneos/SurveillanceSurvivor.build/DerivedSources-normal/arm64 -Xcc -I/tmp/surveillance-survivor-launch-smoke-device-derived-data/Build/Intermediates.noindex/SurveillanceSurvivor.build/Debug-iphoneos/SurveillanceSurvivor.build/DerivedSources/arm64 -Xcc -I/tmp/surveillance-survivor-launch-smoke-device-derived-data/Build/Intermediates.noindex/SurveillanceSurvivor.build/Debug-iphoneos/SurveillanceSurvivor.build/DerivedSources -Xcc -DDEBUG\=1 -emit-objc-header -emit-objc-header-path /tmp/surveillance-survivor-launch-smoke-device-derived-data/Build/Intermediates.noindex/SurveillanceSurvivor.build/Debug-iphoneos/SurveillanceSurvivor.build/Objects-normal/arm64/SurveillanceSurvivor-Swift.h -working-directory /Users/appliedalchemylabs/Documents/Surveillance-Survivor -experimental-emit-module-separately -disable-cmo

Ld /tmp/surveillance-survivor-launch-smoke-device-derived-data/Build/Products/Debug-iphoneos/SurveillanceSurvivor.app/SurveillanceSurvivor.debug.dylib normal (in target 'SurveillanceSurvivor' from project 'SurveillanceSurvivor')
    cd /Users/appliedalchemylabs/Documents/Surveillance-Survivor
    /Applications/Xcode.app/Contents/Developer/Toolchains/XcodeDefault.xctoolchain/usr/bin/clang -Xlinker -reproducible -target arm64-apple-ios18.0 -dynamiclib -isysroot /Applications/Xcode.app/Contents/Developer/Platforms/iPhoneOS.platform/Developer/SDKs/iPhoneOS26.5.sdk -O0 -L/tmp/surveillance-survivor-launch-smoke-device-derived-data/Build/Intermediates.noindex/EagerLinkingTBDs/Debug-iphoneos -L/tmp/surveillance-survivor-launch-smoke-device-derived-data/Build/Products/Debug-iphoneos -F/tmp/surveillance-survivor-launch-smoke-device-derived-data/Build/Intermediates.noindex/EagerLinkingTBDs/Debug-iphoneos -F/tmp/surveillance-survivor-launch-smoke-device-derived-data/Build/Products/Debug-iphoneos -filelist /tmp/surveillance-survivor-launch-smoke-device-derived-data/Build/Intermediates.noindex/SurveillanceSurvivor.build/Debug-iphoneos/SurveillanceSurvivor.build/Objects-normal/arm64/SurveillanceSurvivor.LinkFileList -install_name @rpath/SurveillanceSurvivor.debug.dylib -Xlinker -rpath -Xlinker /usr/lib/swift -Xlinker -rpath -Xlinker @executable_path/Frameworks -Xlinker -dead_strip -Xlinker -object_path_lto -Xlinker /tmp/surveillance-survivor-launch-smoke-device-derived-data/Build/Intermediates.noindex/SurveillanceSurvivor.build/Debug-iphoneos/SurveillanceSurvivor.build/Objects-normal/arm64/SurveillanceSurvivor_lto.o -rdynamic -Xlinker -no_deduplicate -Xlinker -dependency_info -Xlinker /tmp/surveillance-survivor-launch-smoke-device-derived-data/Build/Intermediates.noindex/SurveillanceSurvivor.build/Debug-iphoneos/SurveillanceSurvivor.build/Objects-normal/arm64/SurveillanceSurvivor_dependency_info.dat -fobjc-link-runtime -L/Applications/Xcode.app/Contents/Developer/Toolchains/XcodeDefault.xctoolchain/usr/lib/swift/iphoneos -L/usr/lib/swift -Xlinker -add_ast_path -Xlinker /tmp/surveillance-survivor-launch-smoke-device-derived-data/Build/Intermediates.noindex/SurveillanceSurvivor.build/Debug-iphoneos/SurveillanceSurvivor.build/Objects-normal/arm64/SurveillanceSurvivor.swiftmodule @/tmp/surveillance-survivor-launch-smoke-device-derived-data/Build/Intermediates.noindex/SurveillanceSurvivor.build/Debug-iphoneos/SurveillanceSurvivor.build/Objects-normal/arm64/SurveillanceSurvivor-linker-args.resp -Xlinker -alias -Xlinker _main -Xlinker ___debug_main_executable_dylib_entry_point -framework SurveillanceCore -Xlinker -no_adhoc_codesign -o /tmp/surveillance-survivor-launch-smoke-device-derived-data/Build/Products/Debug-iphoneos/SurveillanceSurvivor.app/SurveillanceSurvivor.debug.dylib

ConstructStubExecutorLinkFileList /tmp/surveillance-survivor-launch-smoke-device-derived-data/Build/Intermediates.noindex/SurveillanceSurvivor.build/Debug-iphoneos/SurveillanceSurvivor.build/SurveillanceSurvivor-ExecutorLinkFileList-normal-arm64.txt (in target 'SurveillanceSurvivor' from project 'SurveillanceSurvivor')
    cd /Users/appliedalchemylabs/Documents/Surveillance-Survivor
    construct-stub-executor-link-file-list /tmp/surveillance-survivor-launch-smoke-device-derived-data/Build/Products/Debug-iphoneos/SurveillanceSurvivor.app/SurveillanceSurvivor.debug.dylib /Applications/Xcode.app/Contents/Developer/Platforms/iPhoneOS.platform/Developer/usr/lib/libPreviewsJITStubExecutor_no_swift_entry_point.a /Applications/Xcode.app/Contents/Developer/Platforms/iPhoneOS.platform/Developer/usr/lib/libPreviewsJITStubExecutor.a --output /tmp/surveillance-survivor-launch-smoke-device-derived-data/Build/Intermediates.noindex/SurveillanceSurvivor.build/Debug-iphoneos/SurveillanceSurvivor.build/SurveillanceSurvivor-ExecutorLinkFileList-normal-arm64.txt
note: Using stub executor library with Swift entry point. (in target 'SurveillanceSurvivor' from project 'SurveillanceSurvivor')

Ld /tmp/surveillance-survivor-launch-smoke-device-derived-data/Build/Products/Debug-iphoneos/SurveillanceSurvivor.app/SurveillanceSurvivor normal (in target 'SurveillanceSurvivor' from project 'SurveillanceSurvivor')
    cd /Users/appliedalchemylabs/Documents/Surveillance-Survivor
    /Applications/Xcode.app/Contents/Developer/Toolchains/XcodeDefault.xctoolchain/usr/bin/clang -Xlinker -reproducible -target arm64-apple-ios18.0 -isysroot /Applications/Xcode.app/Contents/Developer/Platforms/iPhoneOS.platform/Developer/SDKs/iPhoneOS26.5.sdk -O0 -L/tmp/surveillance-survivor-launch-smoke-device-derived-data/Build/Products/Debug-iphoneos -F/tmp/surveillance-survivor-launch-smoke-device-derived-data/Build/Products/Debug-iphoneos -Xlinker -rpath -Xlinker @executable_path -Xlinker -rpath -Xlinker @executable_path/Frameworks -rdynamic -Xlinker -no_deduplicate -e ___debug_blank_executor_main -Xlinker -sectcreate -Xlinker __TEXT -Xlinker __debug_dylib -Xlinker /tmp/surveillance-survivor-launch-smoke-device-derived-data/Build/Intermediates.noindex/SurveillanceSurvivor.build/Debug-iphoneos/SurveillanceSurvivor.build/SurveillanceSurvivor-DebugDylibPath-normal-arm64.txt -Xlinker -sectcreate -Xlinker __TEXT -Xlinker __debug_instlnm -Xlinker /tmp/surveillance-survivor-launch-smoke-device-derived-data/Build/Intermediates.noindex/SurveillanceSurvivor.build/Debug-iphoneos/SurveillanceSurvivor.build/SurveillanceSurvivor-DebugDylibInstallName-normal-arm64.txt -Xlinker -filelist -Xlinker /tmp/surveillance-survivor-launch-smoke-device-derived-data/Build/Intermediates.noindex/SurveillanceSurvivor.build/Debug-iphoneos/SurveillanceSurvivor.build/SurveillanceSurvivor-ExecutorLinkFileList-normal-arm64.txt /tmp/surveillance-survivor-launch-smoke-device-derived-data/Build/Products/Debug-iphoneos/SurveillanceSurvivor.app/SurveillanceSurvivor.debug.dylib -Xlinker -no_adhoc_codesign -o /tmp/surveillance-survivor-launch-smoke-device-derived-data/Build/Products/Debug-iphoneos/SurveillanceSurvivor.app/SurveillanceSurvivor

Copy /tmp/surveillance-survivor-launch-smoke-device-derived-data/Build/Products/Debug-iphoneos/SurveillanceSurvivor.app/Frameworks/SurveillanceCore.framework /tmp/surveillance-survivor-launch-smoke-device-derived-data/Build/Products/Debug-iphoneos/SurveillanceCore.framework (in target 'SurveillanceSurvivor' from project 'SurveillanceSurvivor')
    cd /Users/appliedalchemylabs/Documents/Surveillance-Survivor
    builtin-copy -exclude .DS_Store -exclude CVS -exclude .svn -exclude .git -exclude .hg -exclude Headers -exclude PrivateHeaders -exclude Modules -exclude \*.tbd -bitcode-strip all -bitcode-strip-tool /Applications/Xcode.app/Contents/Developer/Toolchains/XcodeDefault.xctoolchain/usr/bin/bitcode_strip -resolve-src-symlinks -remove-static-executable /tmp/surveillance-survivor-launch-smoke-device-derived-data/Build/Products/Debug-iphoneos/SurveillanceCore.framework /tmp/surveillance-survivor-launch-smoke-device-derived-data/Build/Products/Debug-iphoneos/SurveillanceSurvivor.app/Frameworks
/Applications/Xcode.app/Contents/Developer/Toolchains/XcodeDefault.xctoolchain/usr/bin/bitcode_strip /tmp/surveillance-survivor-launch-smoke-device-derived-data/Build/Products/Debug-iphoneos/SurveillanceCore.framework/SurveillanceCore -r -o /tmp/surveillance-survivor-launch-smoke-device-derived-data/Build/Products/Debug-iphoneos/SurveillanceSurvivor.app/Frameworks/SurveillanceCore.framework/SurveillanceCore

ProcessInfoPlistFile /tmp/surveillance-survivor-launch-smoke-device-derived-data/Build/Products/Debug-iphoneos/SurveillanceSurvivor.app/Info.plist /tmp/surveillance-survivor-launch-smoke-device-derived-data/Build/Intermediates.noindex/SurveillanceSurvivor.build/Debug-iphoneos/SurveillanceSurvivor.build/empty-SurveillanceSurvivor.plist (in target 'SurveillanceSurvivor' from project 'SurveillanceSurvivor')
    cd /Users/appliedalchemylabs/Documents/Surveillance-Survivor
    builtin-infoPlistUtility /tmp/surveillance-survivor-launch-smoke-device-derived-data/Build/Intermediates.noindex/SurveillanceSurvivor.build/Debug-iphoneos/SurveillanceSurvivor.build/empty-SurveillanceSurvivor.plist -producttype com.apple.product-type.application -genpkginfo /tmp/surveillance-survivor-launch-smoke-device-derived-data/Build/Products/Debug-iphoneos/SurveillanceSurvivor.app/PkgInfo -expandbuildsettings -format binary -platform iphoneos -additionalcontentfile /tmp/surveillance-survivor-launch-smoke-device-derived-data/Build/Intermediates.noindex/SurveillanceSurvivor.build/Debug-iphoneos/SurveillanceSurvivor.build/assetcatalog_generated_info.plist -scanforprivacyfile /tmp/surveillance-survivor-launch-smoke-device-derived-data/Build/Products/Debug-iphoneos/SurveillanceSurvivor.app/Frameworks/SurveillanceCore.framework -requiredArchitecture arm64 -o /tmp/surveillance-survivor-launch-smoke-device-derived-data/Build/Products/Debug-iphoneos/SurveillanceSurvivor.app/Info.plist

CodeSign /tmp/surveillance-survivor-launch-smoke-device-derived-data/Build/Products/Debug-iphoneos/SurveillanceSurvivor.app/Frameworks/SurveillanceCore.framework (in target 'SurveillanceSurvivor' from project 'SurveillanceSurvivor')
    cd /Users/appliedalchemylabs/Documents/Surveillance-Survivor
    
    Signing Identity:     "Apple Development: scrimshawlife@gmail.com (AK2K2HTTW2)"
    Provisioning Profile: "iOS Team Provisioning Profile: life.zerostate.surveillancesurvivor"
                          (eed68592-664e-4990-8475-efb3cbfe6427)
    
    /usr/bin/codesign --force --sign B33825DDAC50AB66C55B4DA3C15966CE6DD7D7F1 --timestamp\=none --preserve-metadata\=identifier,entitlements,flags --generate-entitlement-der /tmp/surveillance-survivor-launch-smoke-device-derived-data/Build/Products/Debug-iphoneos/SurveillanceSurvivor.app/Frameworks/SurveillanceCore.framework

ExtractAppIntentsMetadata (in target 'SurveillanceSurvivor' from project 'SurveillanceSurvivor')
    cd /Users/appliedalchemylabs/Documents/Surveillance-Survivor
    /Applications/Xcode.app/Contents/Developer/Toolchains/XcodeDefault.xctoolchain/usr/bin/appintentsmetadataprocessor --toolchain-dir /Applications/Xcode.app/Contents/Developer/Toolchains/XcodeDefault.xctoolchain --module-name SurveillanceSurvivor --sdk-root /Applications/Xcode.app/Contents/Developer/Platforms/iPhoneOS.platform/Developer/SDKs/iPhoneOS26.5.sdk --xcode-version 17F42 --platform-family iOS --deployment-target 18.0 --bundle-identifier life.zerostate.surveillancesurvivor --output /tmp/surveillance-survivor-launch-smoke-device-derived-data/Build/Products/Debug-iphoneos/SurveillanceSurvivor.app --target-triple arm64-apple-ios18.0 --binary-file /tmp/surveillance-survivor-launch-smoke-device-derived-data/Build/Products/Debug-iphoneos/SurveillanceSurvivor.app/SurveillanceSurvivor --dependency-file /tmp/surveillance-survivor-launch-smoke-device-derived-data/Build/Intermediates.noindex/SurveillanceSurvivor.build/Debug-iphoneos/SurveillanceSurvivor.build/Objects-normal/arm64/SurveillanceSurvivor_dependency_info.dat --stringsdata-file /tmp/surveillance-survivor-launch-smoke-device-derived-data/Build/Intermediates.noindex/SurveillanceSurvivor.build/Debug-iphoneos/SurveillanceSurvivor.build/Objects-normal/arm64/ExtractedAppShortcutsMetadata.stringsdata --source-file-list /tmp/surveillance-survivor-launch-smoke-device-derived-data/Build/Intermediates.noindex/SurveillanceSurvivor.build/Debug-iphoneos/SurveillanceSurvivor.build/Objects-normal/arm64/SurveillanceSurvivor.SwiftFileList --metadata-file-list /tmp/surveillance-survivor-launch-smoke-device-derived-data/Build/Intermediates.noindex/SurveillanceSurvivor.build/Debug-iphoneos/SurveillanceSurvivor.build/SurveillanceSurvivor.DependencyMetadataFileList --static-metadata-file-list /tmp/surveillance-survivor-launch-smoke-device-derived-data/Build/Intermediates.noindex/SurveillanceSurvivor.build/Debug-iphoneos/SurveillanceSurvivor.build/SurveillanceSurvivor.DependencyStaticMetadataFileList --swift-const-vals-list /tmp/surveillance-survivor-launch-smoke-device-derived-data/Build/Intermediates.noindex/SurveillanceSurvivor.build/Debug-iphoneos/SurveillanceSurvivor.build/Objects-normal/arm64/SurveillanceSurvivor.SwiftConstValuesFileList --compile-time-extraction --deployment-aware-processing --validate-assistant-intents --no-app-shortcuts-localization
2026-08-01 16:24:22.581 appintentsmetadataprocessor[47164:28856260] Starting appintentsmetadataprocessor export
2026-08-01 16:24:22.583 appintentsmetadataprocessor[47164:28856260] warning: Metadata extraction skipped. No AppIntents.framework dependency found.

CopySwiftLibs /tmp/surveillance-survivor-launch-smoke-device-derived-data/Build/Products/Debug-iphoneos/SurveillanceSurvivor.app (in target 'SurveillanceSurvivor' from project 'SurveillanceSurvivor')
    cd /Users/appliedalchemylabs/Documents/Surveillance-Survivor
    builtin-swiftStdLibTool --copy --verbose --sign B33825DDAC50AB66C55B4DA3C15966CE6DD7D7F1 --scan-executable /tmp/surveillance-survivor-launch-smoke-device-derived-data/Build/Products/Debug-iphoneos/SurveillanceSurvivor.app/SurveillanceSurvivor.debug.dylib --scan-folder /tmp/surveillance-survivor-launch-smoke-device-derived-data/Build/Products/Debug-iphoneos/SurveillanceSurvivor.app/Frameworks --scan-folder /tmp/surveillance-survivor-launch-smoke-device-derived-data/Build/Products/Debug-iphoneos/SurveillanceSurvivor.app/PlugIns --scan-folder /tmp/surveillance-survivor-launch-smoke-device-derived-data/Build/Products/Debug-iphoneos/SurveillanceSurvivor.app/SystemExtensions --scan-folder /tmp/surveillance-survivor-launch-smoke-device-derived-data/Build/Products/Debug-iphoneos/SurveillanceSurvivor.app/Extensions --scan-folder /tmp/surveillance-survivor-launch-smoke-device-derived-data/Build/Products/Debug-iphoneos/SurveillanceCore.framework --platform iphoneos --toolchain /Applications/Xcode.app/Contents/Developer/Toolchains/XcodeDefault.xctoolchain --destination /tmp/surveillance-survivor-launch-smoke-device-derived-data/Build/Products/Debug-iphoneos/SurveillanceSurvivor.app/Frameworks --strip-bitcode --strip-bitcode-tool /Applications/Xcode.app/Contents/Developer/Toolchains/XcodeDefault.xctoolchain/usr/bin/bitcode_strip --emit-dependency-info /tmp/surveillance-survivor-launch-smoke-device-derived-data/Build/Intermediates.noindex/SurveillanceSurvivor.build/Debug-iphoneos/SurveillanceSurvivor.build/SwiftStdLibToolInputDependencies.dep --filter-for-swift-os

AppIntentsSSUTraining (in target 'SurveillanceSurvivor' from project 'SurveillanceSurvivor')
    cd /Users/appliedalchemylabs/Documents/Surveillance-Survivor
    /Applications/Xcode.app/Contents/Developer/Toolchains/XcodeDefault.xctoolchain/usr/bin/appintentsnltrainingprocessor --infoplist-path /tmp/surveillance-survivor-launch-smoke-device-derived-data/Build/Products/Debug-iphoneos/SurveillanceSurvivor.app/Info.plist --temp-dir-path /tmp/surveillance-survivor-launch-smoke-device-derived-data/Build/Intermediates.noindex/SurveillanceSurvivor.build/Debug-iphoneos/SurveillanceSurvivor.build/ssu --bundle-id life.zerostate.surveillancesurvivor --product-path /tmp/surveillance-survivor-launch-smoke-device-derived-data/Build/Products/Debug-iphoneos/SurveillanceSurvivor.app --extracted-metadata-path /tmp/surveillance-survivor-launch-smoke-device-derived-data/Build/Products/Debug-iphoneos/SurveillanceSurvivor.app/Metadata.appintents --metadata-file-list /tmp/surveillance-survivor-launch-smoke-device-derived-data/Build/Intermediates.noindex/SurveillanceSurvivor.build/Debug-iphoneos/SurveillanceSurvivor.build/SurveillanceSurvivor.DependencyMetadataFileList --source-file /tmp/surveillance-survivor-launch-smoke-device-derived-data/Build/Products/Debug-iphoneos/SurveillanceSurvivor.app/Info.plist --archive-ssu-assets
2026-08-01 16:24:22.611 appintentsnltrainingprocessor[47165:28856261] Parsing options for appintentsnltrainingprocessor
2026-08-01 16:24:22.611 appintentsnltrainingprocessor[47165:28856261] Starting AppIntents SSU YAML Generation
2026-08-01 16:24:22.611 appintentsnltrainingprocessor[47165:28856261] No AppShortcuts found - Skipping.

ProcessInfoPlistFile /tmp/surveillance-survivor-launch-smoke-device-derived-data/Build/Products/Debug-iphoneos/SurveillanceSurvivor.app/PlugIns/SurveillanceSurvivorTests.xctest/Info.plist /tmp/surveillance-survivor-launch-smoke-device-derived-data/Build/Intermediates.noindex/SurveillanceSurvivor.build/Debug-iphoneos/SurveillanceSurvivorTests.build/empty-SurveillanceSurvivorTests.plist (in target 'SurveillanceSurvivorTests' from project 'SurveillanceSurvivor')
    cd /Users/appliedalchemylabs/Documents/Surveillance-Survivor
    builtin-infoPlistUtility /tmp/surveillance-survivor-launch-smoke-device-derived-data/Build/Intermediates.noindex/SurveillanceSurvivor.build/Debug-iphoneos/SurveillanceSurvivorTests.build/empty-SurveillanceSurvivorTests.plist -producttype com.apple.product-type.bundle.unit-test -expandbuildsettings -format binary -platform iphoneos -requiredArchitecture arm64 -o /tmp/surveillance-survivor-launch-smoke-device-derived-data/Build/Products/Debug-iphoneos/SurveillanceSurvivor.app/PlugIns/SurveillanceSurvivorTests.xctest/Info.plist

SwiftDriverJobDiscovery normal arm64 Compiling SimulationTests.swift, SimulatorGameplaySmokeTests.swift, SuspicionDirectorTests.swift, UpgradeOfferBiasTests.swift (in target 'SurveillanceSurvivorTests' from project 'SurveillanceSurvivor')

SwiftDriver\ Compilation SurveillanceSurvivorTests normal arm64 com.apple.xcode.tools.swift.compiler (in target 'SurveillanceSurvivorTests' from project 'SurveillanceSurvivor')
    cd /Users/appliedalchemylabs/Documents/Surveillance-Survivor
    builtin-Swift-Compilation -- /Applications/Xcode.app/Contents/Developer/Toolchains/XcodeDefault.xctoolchain/usr/bin/swiftc -module-name SurveillanceSurvivorTests -Onone @/tmp/surveillance-survivor-launch-smoke-device-derived-data/Build/Intermediates.noindex/SurveillanceSurvivor.build/Debug-iphoneos/SurveillanceSurvivorTests.build/Objects-normal/arm64/SurveillanceSurvivorTests.SwiftFileList -DDEBUG -plugin-path /Applications/Xcode.app/Contents/Developer/Toolchains/XcodeDefault.xctoolchain/usr/lib/swift/host/plugins/testing -enable-experimental-feature DebugDescriptionMacro -sdk /Applications/Xcode.app/Contents/Developer/Platforms/iPhoneOS.platform/Developer/SDKs/iPhoneOS26.5.sdk -target arm64-apple-ios18.0 -g -module-cache-path /tmp/surveillance-survivor-launch-smoke-device-derived-data/ModuleCache.noindex -Xfrontend -serialize-debugging-options -enable-testing -index-store-path /tmp/surveillance-survivor-launch-smoke-device-derived-data/Index.noindex/DataStore -Xcc -D_LIBCPP_HARDENING_MODE\=_LIBCPP_HARDENING_MODE_DEBUG -swift-version 6 -I /tmp/surveillance-survivor-launch-smoke-device-derived-data/Build/Products/Debug-iphoneos -Isystem /Applications/Xcode.app/Contents/Developer/Platforms/iPhoneOS.platform/Developer/usr/lib -F /tmp/surveillance-survivor-launch-smoke-device-derived-data/Build/Products/Debug-iphoneos -F /Applications/Xcode.app/Contents/Developer/Platforms/iPhoneOS.platform/Developer/Library/Frameworks -F /Applications/Xcode.app/Contents/Developer/Platforms/iPhoneOS.platform/Developer/SDKs/iPhoneOS26.5.sdk/Developer/Library/Frameworks -c -j10 -enable-batch-mode -incremental -Xcc -ivfsstatcache -Xcc /tmp/surveillance-survivor-launch-smoke-device-derived-data/SDKStatCaches.noindex/iphoneos26.5-23F73-32daed1954a7d5dd0789fcaf2a9bb78b.sdkstatcache -output-file-map /tmp/surveillance-survivor-launch-smoke-device-derived-data/Build/Intermediates.noindex/SurveillanceSurvivor.build/Debug-iphoneos/SurveillanceSurvivorTests.build/Objects-normal/arm64/SurveillanceSurvivorTests-OutputFileMap.json -use-frontend-parseable-output -save-temps -no-color-diagnostics -explicit-module-build -module-cache-path /tmp/surveillance-survivor-launch-smoke-device-derived-data/Build/Intermediates.noindex/SwiftExplicitPrecompiledModules -clang-scanner-module-cache-path /tmp/surveillance-survivor-launch-smoke-device-derived-data/ModuleCache.noindex -sdk-module-cache-path /tmp/surveillance-survivor-launch-smoke-device-derived-data/ModuleCache.noindex -serialize-diagnostics -emit-dependencies -emit-module -emit-module-path /tmp/surveillance-survivor-launch-smoke-device-derived-data/Build/Intermediates.noindex/SurveillanceSurvivor.build/Debug-iphoneos/SurveillanceSurvivorTests.build/Objects-normal/arm64/SurveillanceSurvivorTests.swiftmodule -validate-clang-modules-once -clang-build-session-file /tmp/surveillance-survivor-launch-smoke-device-derived-data/ModuleCache.noindex/Session.modulevalidation -Xcc -I/tmp/surveillance-survivor-launch-smoke-device-derived-data/Build/Intermediates.noindex/SurveillanceSurvivor.build/Debug-iphoneos/SurveillanceSurvivorTests.build/swift-overrides.hmap -emit-const-values -Xfrontend -const-gather-protocols-file -Xfrontend /tmp/surveillance-survivor-launch-smoke-device-derived-data/Build/Intermediates.noindex/SurveillanceSurvivor.build/Debug-iphoneos/SurveillanceSurvivorTests.build/Objects-normal/arm64/SurveillanceSurvivorTests_const_extract_protocols.json -Xcc -iquote -Xcc /tmp/surveillance-survivor-launch-smoke-device-derived-data/Build/Intermediates.noindex/SurveillanceSurvivor.build/Debug-iphoneos/SurveillanceSurvivorTests.build/SurveillanceSurvivorTests-generated-files.hmap -Xcc -I/tmp/surveillance-survivor-launch-smoke-device-derived-data/Build/Intermediates.noindex/SurveillanceSurvivor.build/Debug-iphoneos/SurveillanceSurvivorTests.build/SurveillanceSurvivorTests-own-target-headers.hmap -Xcc -I/tmp/surveillance-survivor-launch-smoke-device-derived-data/Build/Intermediates.noindex/SurveillanceSurvivor.build/Debug-iphoneos/SurveillanceSurvivorTests.build/SurveillanceSurvivorTests-all-non-framework-target-headers.hmap -Xcc -ivfsoverlay -Xcc /tmp/surveillance-survivor-launch-smoke-device-derived-data/Build/Intermediates.noindex/SurveillanceSurvivor.build/Debug-iphoneos/SurveillanceSurvivor-34fbea025995813710bbf8ed207b7960-VFS-iphoneos/all-product-headers.yaml -Xcc -iquote -Xcc /tmp/surveillance-survivor-launch-smoke-device-derived-data/Build/Intermediates.noindex/SurveillanceSurvivor.build/Debug-iphoneos/SurveillanceSurvivorTests.build/SurveillanceSurvivorTests-project-headers.hmap -Xcc -I/tmp/surveillance-survivor-launch-smoke-device-derived-data/Build/Products/Debug-iphoneos/include -Xcc -I/tmp/surveillance-survivor-launch-smoke-device-derived-data/Build/Intermediates.noindex/SurveillanceSurvivor.build/Debug-iphoneos/SurveillanceSurvivorTests.build/DerivedSources-normal/arm64 -Xcc -I/tmp/surveillance-survivor-launch-smoke-device-derived-data/Build/Intermediates.noindex/SurveillanceSurvivor.build/Debug-iphoneos/SurveillanceSurvivorTests.build/DerivedSources/arm64 -Xcc -I/tmp/surveillance-survivor-launch-smoke-device-derived-data/Build/Intermediates.noindex/SurveillanceSurvivor.build/Debug-iphoneos/SurveillanceSurvivorTests.build/DerivedSources -Xcc -DDEBUG\=1 -emit-objc-header -emit-objc-header-path /tmp/surveillance-survivor-launch-smoke-device-derived-data/Build/Intermediates.noindex/SurveillanceSurvivor.build/Debug-iphoneos/SurveillanceSurvivorTests.build/Objects-normal/arm64/SurveillanceSurvivorTests-Swift.h -working-directory /Users/appliedalchemylabs/Documents/Surveillance-Survivor -experimental-emit-module-separately -disable-cmo

Ld /tmp/surveillance-survivor-launch-smoke-device-derived-data/Build/Products/Debug-iphoneos/SurveillanceSurvivor.app/PlugIns/SurveillanceSurvivorTests.xctest/SurveillanceSurvivorTests normal (in target 'SurveillanceSurvivorTests' from project 'SurveillanceSurvivor')
    cd /Users/appliedalchemylabs/Documents/Surveillance-Survivor
    /Applications/Xcode.app/Contents/Developer/Toolchains/XcodeDefault.xctoolchain/usr/bin/clang -Xlinker -reproducible -target arm64-apple-ios18.0 -bundle -isysroot /Applications/Xcode.app/Contents/Developer/Platforms/iPhoneOS.platform/Developer/SDKs/iPhoneOS26.5.sdk -O0 -L/tmp/surveillance-survivor-launch-smoke-device-derived-data/Build/Intermediates.noindex/EagerLinkingTBDs/Debug-iphoneos -L/tmp/surveillance-survivor-launch-smoke-device-derived-data/Build/Products/Debug-iphoneos -L/Applications/Xcode.app/Contents/Developer/Platforms/iPhoneOS.platform/Developer/usr/lib -F/tmp/surveillance-survivor-launch-smoke-device-derived-data/Build/Intermediates.noindex/EagerLinkingTBDs/Debug-iphoneos -F/tmp/surveillance-survivor-launch-smoke-device-derived-data/Build/Products/Debug-iphoneos -iframework /Applications/Xcode.app/Contents/Developer/Platforms/iPhoneOS.platform/Developer/Library/Frameworks -iframework /Applications/Xcode.app/Contents/Developer/Platforms/iPhoneOS.platform/Developer/SDKs/iPhoneOS26.5.sdk/Developer/Library/Frameworks -filelist /tmp/surveillance-survivor-launch-smoke-device-derived-data/Build/Intermediates.noindex/SurveillanceSurvivor.build/Debug-iphoneos/SurveillanceSurvivorTests.build/Objects-normal/arm64/SurveillanceSurvivorTests.LinkFileList -Xlinker -rpath -Xlinker /usr/lib/swift -Xlinker -rpath -Xlinker @loader_path/Frameworks -Xlinker -rpath -Xlinker @executable_path/Frameworks -Xlinker -dead_strip -bundle_loader /tmp/surveillance-survivor-launch-smoke-device-derived-data/Build/Products/Debug-iphoneos/SurveillanceSurvivor.app/SurveillanceSurvivor -Xlinker -object_path_lto -Xlinker /tmp/surveillance-survivor-launch-smoke-device-derived-data/Build/Intermediates.noindex/SurveillanceSurvivor.build/Debug-iphoneos/SurveillanceSurvivorTests.build/Objects-normal/arm64/SurveillanceSurvivorTests_lto.o -rdynamic -Xlinker -no_deduplicate -Xlinker -dependency_info -Xlinker /tmp/surveillance-survivor-launch-smoke-device-derived-data/Build/Intermediates.noindex/SurveillanceSurvivor.build/Debug-iphoneos/SurveillanceSurvivorTests.build/Objects-normal/arm64/SurveillanceSurvivorTests_dependency_info.dat -fobjc-link-runtime -L/Applications/Xcode.app/Contents/Developer/Toolchains/XcodeDefault.xctoolchain/usr/lib/swift/iphoneos -L/usr/lib/swift -Xlinker -add_ast_path -Xlinker /tmp/surveillance-survivor-launch-smoke-device-derived-data/Build/Intermediates.noindex/SurveillanceSurvivor.build/Debug-iphoneos/SurveillanceSurvivorTests.build/Objects-normal/arm64/SurveillanceSurvivorTests.swiftmodule @/tmp/surveillance-survivor-launch-smoke-device-derived-data/Build/Intermediates.noindex/SurveillanceSurvivor.build/Debug-iphoneos/SurveillanceSurvivorTests.build/Objects-normal/arm64/SurveillanceSurvivorTests-linker-args.resp -Xlinker -needed_framework -Xlinker XCTest -framework XCTest -Xlinker -needed-lXCTestSwiftSupport -lXCTestSwiftSupport -framework SurveillanceCore /tmp/surveillance-survivor-launch-smoke-device-derived-data/Build/Products/Debug-iphoneos/SurveillanceSurvivor.app/SurveillanceSurvivor.debug.dylib -Xlinker -no_adhoc_codesign -o /tmp/surveillance-survivor-launch-smoke-device-derived-data/Build/Products/Debug-iphoneos/SurveillanceSurvivor.app/PlugIns/SurveillanceSurvivorTests.xctest/SurveillanceSurvivorTests

GenerateDSYMFile /tmp/surveillance-survivor-launch-smoke-device-derived-data/Build/Products/Debug-iphoneos/SurveillanceSurvivor.app/PlugIns/SurveillanceSurvivorTests.xctest.dSYM /tmp/surveillance-survivor-launch-smoke-device-derived-data/Build/Products/Debug-iphoneos/SurveillanceSurvivor.app/PlugIns/SurveillanceSurvivorTests.xctest/SurveillanceSurvivorTests (in target 'SurveillanceSurvivorTests' from project 'SurveillanceSurvivor')
    cd /Users/appliedalchemylabs/Documents/Surveillance-Survivor
    /Applications/Xcode.app/Contents/Developer/Toolchains/XcodeDefault.xctoolchain/usr/bin/dsymutil /tmp/surveillance-survivor-launch-smoke-device-derived-data/Build/Products/Debug-iphoneos/SurveillanceSurvivor.app/PlugIns/SurveillanceSurvivorTests.xctest/SurveillanceSurvivorTests -o /tmp/surveillance-survivor-launch-smoke-device-derived-data/Build/Products/Debug-iphoneos/SurveillanceSurvivor.app/PlugIns/SurveillanceSurvivorTests.xctest.dSYM

Copy /tmp/surveillance-survivor-launch-smoke-device-derived-data/Build/Products/Debug-iphoneos/SurveillanceSurvivor.app/PlugIns/SurveillanceSurvivorTests.xctest/Frameworks/SurveillanceCore.framework /tmp/surveillance-survivor-launch-smoke-device-derived-data/Build/Products/Debug-iphoneos/SurveillanceCore.framework (in target 'SurveillanceSurvivorTests' from project 'SurveillanceSurvivor')
    cd /Users/appliedalchemylabs/Documents/Surveillance-Survivor
    builtin-copy -exclude .DS_Store -exclude CVS -exclude .svn -exclude .git -exclude .hg -exclude Headers -exclude PrivateHeaders -exclude Modules -exclude \*.tbd -bitcode-strip all -bitcode-strip-tool /Applications/Xcode.app/Contents/Developer/Toolchains/XcodeDefault.xctoolchain/usr/bin/bitcode_strip -resolve-src-symlinks -remove-static-executable /tmp/surveillance-survivor-launch-smoke-device-derived-data/Build/Products/Debug-iphoneos/SurveillanceCore.framework /tmp/surveillance-survivor-launch-smoke-device-derived-data/Build/Products/Debug-iphoneos/SurveillanceSurvivor.app/PlugIns/SurveillanceSurvivorTests.xctest/Frameworks
/Applications/Xcode.app/Contents/Developer/Toolchains/XcodeDefault.xctoolchain/usr/bin/bitcode_strip /tmp/surveillance-survivor-launch-smoke-device-derived-data/Build/Products/Debug-iphoneos/SurveillanceCore.framework/SurveillanceCore -r -o /tmp/surveillance-survivor-launch-smoke-device-derived-data/Build/Products/Debug-iphoneos/SurveillanceSurvivor.app/PlugIns/SurveillanceSurvivorTests.xctest/Frameworks/SurveillanceCore.framework/SurveillanceCore

CodeSign /tmp/surveillance-survivor-launch-smoke-device-derived-data/Build/Products/Debug-iphoneos/SurveillanceSurvivor.app/PlugIns/SurveillanceSurvivorTests.xctest/Frameworks/SurveillanceCore.framework (in target 'SurveillanceSurvivorTests' from project 'SurveillanceSurvivor')
    cd /Users/appliedalchemylabs/Documents/Surveillance-Survivor
    
    Signing Identity:     "Apple Development: scrimshawlife@gmail.com (AK2K2HTTW2)"
    
    /usr/bin/codesign --force --sign B33825DDAC50AB66C55B4DA3C15966CE6DD7D7F1 --timestamp\=none --preserve-metadata\=identifier,entitlements,flags --generate-entitlement-der /tmp/surveillance-survivor-launch-smoke-device-derived-data/Build/Products/Debug-iphoneos/SurveillanceSurvivor.app/PlugIns/SurveillanceSurvivorTests.xctest/Frameworks/SurveillanceCore.framework

ExtractAppIntentsMetadata (in target 'SurveillanceSurvivorTests' from project 'SurveillanceSurvivor')
    cd /Users/appliedalchemylabs/Documents/Surveillance-Survivor
    /Applications/Xcode.app/Contents/Developer/Toolchains/XcodeDefault.xctoolchain/usr/bin/appintentsmetadataprocessor --toolchain-dir /Applications/Xcode.app/Contents/Developer/Toolchains/XcodeDefault.xctoolchain --module-name SurveillanceSurvivorTests --sdk-root /Applications/Xcode.app/Contents/Developer/Platforms/iPhoneOS.platform/Developer/SDKs/iPhoneOS26.5.sdk --xcode-version 17F42 --platform-family iOS --deployment-target 18.0 --bundle-identifier life.zerostate.SurveillanceSurvivorTests --output /tmp/surveillance-survivor-launch-smoke-device-derived-data/Build/Products/Debug-iphoneos/SurveillanceSurvivor.app/PlugIns/SurveillanceSurvivorTests.xctest --target-triple arm64-apple-ios18.0 --binary-file /tmp/surveillance-survivor-launch-smoke-device-derived-data/Build/Products/Debug-iphoneos/SurveillanceSurvivor.app/PlugIns/SurveillanceSurvivorTests.xctest/SurveillanceSurvivorTests --dependency-file /tmp/surveillance-survivor-launch-smoke-device-derived-data/Build/Intermediates.noindex/SurveillanceSurvivor.build/Debug-iphoneos/SurveillanceSurvivorTests.build/Objects-normal/arm64/SurveillanceSurvivorTests_dependency_info.dat --stringsdata-file /tmp/surveillance-survivor-launch-smoke-device-derived-data/Build/Intermediates.noindex/SurveillanceSurvivor.build/Debug-iphoneos/SurveillanceSurvivorTests.build/Objects-normal/arm64/ExtractedAppShortcutsMetadata.stringsdata --source-file-list /tmp/surveillance-survivor-launch-smoke-device-derived-data/Build/Intermediates.noindex/SurveillanceSurvivor.build/Debug-iphoneos/SurveillanceSurvivorTests.build/Objects-normal/arm64/SurveillanceSurvivorTests.SwiftFileList --metadata-file-list /tmp/surveillance-survivor-launch-smoke-device-derived-data/Build/Intermediates.noindex/SurveillanceSurvivor.build/Debug-iphoneos/SurveillanceSurvivorTests.build/SurveillanceSurvivorTests.DependencyMetadataFileList --static-metadata-file-list /tmp/surveillance-survivor-launch-smoke-device-derived-data/Build/Intermediates.noindex/SurveillanceSurvivor.build/Debug-iphoneos/SurveillanceSurvivorTests.build/SurveillanceSurvivorTests.DependencyStaticMetadataFileList --swift-const-vals-list /tmp/surveillance-survivor-launch-smoke-device-derived-data/Build/Intermediates.noindex/SurveillanceSurvivor.build/Debug-iphoneos/SurveillanceSurvivorTests.build/Objects-normal/arm64/SurveillanceSurvivorTests.SwiftConstValuesFileList --compile-time-extraction --deployment-aware-processing --validate-assistant-intents --no-app-shortcuts-localization
2026-08-01 16:24:29.368 appintentsmetadataprocessor[47182:28856447] Starting appintentsmetadataprocessor export
2026-08-01 16:24:29.370 appintentsmetadataprocessor[47182:28856447] warning: Metadata extraction skipped. No AppIntents.framework dependency found.

CopySwiftLibs /tmp/surveillance-survivor-launch-smoke-device-derived-data/Build/Products/Debug-iphoneos/SurveillanceSurvivor.app/PlugIns/SurveillanceSurvivorTests.xctest (in target 'SurveillanceSurvivorTests' from project 'SurveillanceSurvivor')
    cd /Users/appliedalchemylabs/Documents/Surveillance-Survivor
    builtin-swiftStdLibTool --copy --verbose --sign B33825DDAC50AB66C55B4DA3C15966CE6DD7D7F1 --scan-executable /tmp/surveillance-survivor-launch-smoke-device-derived-data/Build/Products/Debug-iphoneos/SurveillanceSurvivor.app/PlugIns/SurveillanceSurvivorTests.xctest/SurveillanceSurvivorTests --scan-folder /tmp/surveillance-survivor-launch-smoke-device-derived-data/Build/Products/Debug-iphoneos/SurveillanceSurvivor.app/PlugIns/SurveillanceSurvivorTests.xctest/Frameworks --scan-folder /tmp/surveillance-survivor-launch-smoke-device-derived-data/Build/Products/Debug-iphoneos/SurveillanceSurvivor.app/PlugIns/SurveillanceSurvivorTests.xctest/PlugIns --scan-folder /tmp/surveillance-survivor-launch-smoke-device-derived-data/Build/Products/Debug-iphoneos/SurveillanceSurvivor.app/PlugIns/SurveillanceSurvivorTests.xctest/SystemExtensions --scan-folder /tmp/surveillance-survivor-launch-smoke-device-derived-data/Build/Products/Debug-iphoneos/SurveillanceSurvivor.app/PlugIns/SurveillanceSurvivorTests.xctest/Extensions --scan-folder /tmp/surveillance-survivor-launch-smoke-device-derived-data/Build/Products/Debug-iphoneos/SurveillanceCore.framework --platform iphoneos --toolchain /Applications/Xcode.app/Contents/Developer/Toolchains/XcodeDefault.xctoolchain --destination /tmp/surveillance-survivor-launch-smoke-device-derived-data/Build/Products/Debug-iphoneos/SurveillanceSurvivor.app/PlugIns/SurveillanceSurvivorTests.xctest/Frameworks --strip-bitcode --scan-executable /Applications/Xcode.app/Contents/Developer/Platforms/iPhoneOS.platform/Developer/usr/lib/libXCTestSwiftSupport.dylib --strip-bitcode-tool /Applications/Xcode.app/Contents/Developer/Toolchains/XcodeDefault.xctoolchain/usr/bin/bitcode_strip --emit-dependency-info /tmp/surveillance-survivor-launch-smoke-device-derived-data/Build/Intermediates.noindex/SurveillanceSurvivor.build/Debug-iphoneos/SurveillanceSurvivorTests.build/SwiftStdLibToolInputDependencies.dep --filter-for-swift-os

CodeSign /tmp/surveillance-survivor-launch-smoke-device-derived-data/Build/Products/Debug-iphoneos/SurveillanceSurvivor.app/PlugIns/SurveillanceSurvivorTests.xctest (in target 'SurveillanceSurvivorTests' from project 'SurveillanceSurvivor')
    cd /Users/appliedalchemylabs/Documents/Surveillance-Survivor
    
    Signing Identity:     "Apple Development: scrimshawlife@gmail.com (AK2K2HTTW2)"
    
    /usr/bin/codesign --force --sign B33825DDAC50AB66C55B4DA3C15966CE6DD7D7F1 --timestamp\=none --generate-entitlement-der /tmp/surveillance-survivor-launch-smoke-device-derived-data/Build/Products/Debug-iphoneos/SurveillanceSurvivor.app/PlugIns/SurveillanceSurvivorTests.xctest

CodeSign /tmp/surveillance-survivor-launch-smoke-device-derived-data/Build/Products/Debug-iphoneos/SurveillanceSurvivor.app/SurveillanceSurvivor.debug.dylib (in target 'SurveillanceSurvivor' from project 'SurveillanceSurvivor')
    cd /Users/appliedalchemylabs/Documents/Surveillance-Survivor
    
    Signing Identity:     "Apple Development: scrimshawlife@gmail.com (AK2K2HTTW2)"
    Provisioning Profile: "iOS Team Provisioning Profile: life.zerostate.surveillancesurvivor"
                          (eed68592-664e-4990-8475-efb3cbfe6427)
    
    /usr/bin/codesign --force --sign B33825DDAC50AB66C55B4DA3C15966CE6DD7D7F1 --timestamp\=none --generate-entitlement-der /tmp/surveillance-survivor-launch-smoke-device-derived-data/Build/Products/Debug-iphoneos/SurveillanceSurvivor.app/SurveillanceSurvivor.debug.dylib

CodeSign /tmp/surveillance-survivor-launch-smoke-device-derived-data/Build/Products/Debug-iphoneos/SurveillanceSurvivor.app/__preview.dylib (in target 'SurveillanceSurvivor' from project 'SurveillanceSurvivor')
    cd /Users/appliedalchemylabs/Documents/Surveillance-Survivor
    
    Signing Identity:     "Apple Development: scrimshawlife@gmail.com (AK2K2HTTW2)"
    Provisioning Profile: "iOS Team Provisioning Profile: life.zerostate.surveillancesurvivor"
                          (eed68592-664e-4990-8475-efb3cbfe6427)
    
    /usr/bin/codesign --force --sign B33825DDAC50AB66C55B4DA3C15966CE6DD7D7F1 --timestamp\=none --generate-entitlement-der /tmp/surveillance-survivor-launch-smoke-device-derived-data/Build/Products/Debug-iphoneos/SurveillanceSurvivor.app/__preview.dylib
/tmp/surveillance-survivor-launch-smoke-device-derived-data/Build/Products/Debug-iphoneos/SurveillanceSurvivor.app/__preview.dylib: replacing existing signature

CodeSign /tmp/surveillance-survivor-launch-smoke-device-derived-data/Build/Products/Debug-iphoneos/SurveillanceSurvivor.app (in target 'SurveillanceSurvivor' from project 'SurveillanceSurvivor')
    cd /Users/appliedalchemylabs/Documents/Surveillance-Survivor
    
    Signing Identity:     "Apple Development: scrimshawlife@gmail.com (AK2K2HTTW2)"
    Provisioning Profile: "iOS Team Provisioning Profile: life.zerostate.surveillancesurvivor"
                          (eed68592-664e-4990-8475-efb3cbfe6427)
    
    /usr/bin/codesign --force --sign B33825DDAC50AB66C55B4DA3C15966CE6DD7D7F1 --entitlements /tmp/surveillance-survivor-launch-smoke-device-derived-data/Build/Intermediates.noindex/SurveillanceSurvivor.build/Debug-iphoneos/SurveillanceSurvivor.build/SurveillanceSurvivor.app.xcent --timestamp\=none --generate-entitlement-der /tmp/surveillance-survivor-launch-smoke-device-derived-data/Build/Products/Debug-iphoneos/SurveillanceSurvivor.app

Validate /tmp/surveillance-survivor-launch-smoke-device-derived-data/Build/Products/Debug-iphoneos/SurveillanceSurvivor.app (in target 'SurveillanceSurvivor' from project 'SurveillanceSurvivor')
    cd /Users/appliedalchemylabs/Documents/Surveillance-Survivor
    builtin-validationUtility /tmp/surveillance-survivor-launch-smoke-device-derived-data/Build/Products/Debug-iphoneos/SurveillanceSurvivor.app -shallow-bundle -infoplist-subpath Info.plist

ProcessInfoPlistFile /tmp/surveillance-survivor-launch-smoke-device-derived-data/Build/Products/Debug-iphoneos/SurveillanceSurvivorUITests-Runner.app/PlugIns/SurveillanceSurvivorUITests.xctest/Info.plist /tmp/surveillance-survivor-launch-smoke-device-derived-data/Build/Intermediates.noindex/SurveillanceSurvivor.build/Debug-iphoneos/SurveillanceSurvivorUITests.build/empty-SurveillanceSurvivorUITests.plist (in target 'SurveillanceSurvivorUITests' from project 'SurveillanceSurvivor')
    cd /Users/appliedalchemylabs/Documents/Surveillance-Survivor
    builtin-infoPlistUtility /tmp/surveillance-survivor-launch-smoke-device-derived-data/Build/Intermediates.noindex/SurveillanceSurvivor.build/Debug-iphoneos/SurveillanceSurvivorUITests.build/empty-SurveillanceSurvivorUITests.plist -producttype com.apple.product-type.bundle.ui-testing -expandbuildsettings -format binary -platform iphoneos -additionalcontentfile /tmp/surveillance-survivor-launch-smoke-device-derived-data/Build/Intermediates.noindex/SurveillanceSurvivor.build/Debug-iphoneos/SurveillanceSurvivorUITests.build/ProductTypeInfoPlistAdditions.plist -requiredArchitecture arm64 -o /tmp/surveillance-survivor-launch-smoke-device-derived-data/Build/Products/Debug-iphoneos/SurveillanceSurvivorUITests-Runner.app/PlugIns/SurveillanceSurvivorUITests.xctest/Info.plist

Ld /tmp/surveillance-survivor-launch-smoke-device-derived-data/Build/Products/Debug-iphoneos/SurveillanceSurvivorUITests-Runner.app/PlugIns/SurveillanceSurvivorUITests.xctest/SurveillanceSurvivorUITests normal (in target 'SurveillanceSurvivorUITests' from project 'SurveillanceSurvivor')
    cd /Users/appliedalchemylabs/Documents/Surveillance-Survivor
    /Applications/Xcode.app/Contents/Developer/Toolchains/XcodeDefault.xctoolchain/usr/bin/clang -Xlinker -reproducible -target arm64-apple-ios18.0 -bundle -isysroot /Applications/Xcode.app/Contents/Developer/Platforms/iPhoneOS.platform/Developer/SDKs/iPhoneOS26.5.sdk -O0 -L/tmp/surveillance-survivor-launch-smoke-device-derived-data/Build/Intermediates.noindex/EagerLinkingTBDs/Debug-iphoneos -L/tmp/surveillance-survivor-launch-smoke-device-derived-data/Build/Products/Debug-iphoneos -L/Applications/Xcode.app/Contents/Developer/Platforms/iPhoneOS.platform/Developer/usr/lib -F/tmp/surveillance-survivor-launch-smoke-device-derived-data/Build/Intermediates.noindex/EagerLinkingTBDs/Debug-iphoneos -F/tmp/surveillance-survivor-launch-smoke-device-derived-data/Build/Products/Debug-iphoneos -iframework /Applications/Xcode.app/Contents/Developer/Platforms/iPhoneOS.platform/Developer/Library/Frameworks -iframework /Applications/Xcode.app/Contents/Developer/Platforms/iPhoneOS.platform/Developer/SDKs/iPhoneOS26.5.sdk/Developer/Library/Frameworks -filelist /tmp/surveillance-survivor-launch-smoke-device-derived-data/Build/Intermediates.noindex/SurveillanceSurvivor.build/Debug-iphoneos/SurveillanceSurvivorUITests.build/Objects-normal/arm64/SurveillanceSurvivorUITests.LinkFileList -Xlinker -rpath -Xlinker /usr/lib/swift -Xlinker -rpath -Xlinker @loader_path/Frameworks -Xlinker -rpath -Xlinker @executable_path/Frameworks -Xlinker -dead_strip -Xlinker -object_path_lto -Xlinker /tmp/surveillance-survivor-launch-smoke-device-derived-data/Build/Intermediates.noindex/SurveillanceSurvivor.build/Debug-iphoneos/SurveillanceSurvivorUITests.build/Objects-normal/arm64/SurveillanceSurvivorUITests_lto.o -rdynamic -Xlinker -no_deduplicate -Xlinker -dependency_info -Xlinker /tmp/surveillance-survivor-launch-smoke-device-derived-data/Build/Intermediates.noindex/SurveillanceSurvivor.build/Debug-iphoneos/SurveillanceSurvivorUITests.build/Objects-normal/arm64/SurveillanceSurvivorUITests_dependency_info.dat -fobjc-link-runtime -L/Applications/Xcode.app/Contents/Developer/Toolchains/XcodeDefault.xctoolchain/usr/lib/swift/iphoneos -L/usr/lib/swift -Xlinker -add_ast_path -Xlinker /tmp/surveillance-survivor-launch-smoke-device-derived-data/Build/Intermediates.noindex/SurveillanceSurvivor.build/Debug-iphoneos/SurveillanceSurvivorUITests.build/Objects-normal/arm64/SurveillanceSurvivorUITests.swiftmodule @/tmp/surveillance-survivor-launch-smoke-device-derived-data/Build/Intermediates.noindex/SurveillanceSurvivor.build/Debug-iphoneos/SurveillanceSurvivorUITests.build/Objects-normal/arm64/SurveillanceSurvivorUITests-linker-args.resp -Xlinker -needed_framework -Xlinker XCTest -framework XCTest -Xlinker -needed-lXCTestSwiftSupport -lXCTestSwiftSupport -Xlinker -no_adhoc_codesign -o /tmp/surveillance-survivor-launch-smoke-device-derived-data/Build/Products/Debug-iphoneos/SurveillanceSurvivorUITests-Runner.app/PlugIns/SurveillanceSurvivorUITests.xctest/SurveillanceSurvivorUITests

GenerateDSYMFile /tmp/surveillance-survivor-launch-smoke-device-derived-data/Build/Products/Debug-iphoneos/SurveillanceSurvivorUITests-Runner.app/PlugIns/SurveillanceSurvivorUITests.xctest.dSYM /tmp/surveillance-survivor-launch-smoke-device-derived-data/Build/Products/Debug-iphoneos/SurveillanceSurvivorUITests-Runner.app/PlugIns/SurveillanceSurvivorUITests.xctest/SurveillanceSurvivorUITests (in target 'SurveillanceSurvivorUITests' from project 'SurveillanceSurvivor')
    cd /Users/appliedalchemylabs/Documents/Surveillance-Survivor
    /Applications/Xcode.app/Contents/Developer/Toolchains/XcodeDefault.xctoolchain/usr/bin/dsymutil /tmp/surveillance-survivor-launch-smoke-device-derived-data/Build/Products/Debug-iphoneos/SurveillanceSurvivorUITests-Runner.app/PlugIns/SurveillanceSurvivorUITests.xctest/SurveillanceSurvivorUITests -o /tmp/surveillance-survivor-launch-smoke-device-derived-data/Build/Products/Debug-iphoneos/SurveillanceSurvivorUITests-Runner.app/PlugIns/SurveillanceSurvivorUITests.xctest.dSYM

CopySwiftLibs /tmp/surveillance-survivor-launch-smoke-device-derived-data/Build/Products/Debug-iphoneos/SurveillanceSurvivorUITests-Runner.app/PlugIns/SurveillanceSurvivorUITests.xctest (in target 'SurveillanceSurvivorUITests' from project 'SurveillanceSurvivor')
    cd /Users/appliedalchemylabs/Documents/Surveillance-Survivor
    builtin-swiftStdLibTool --copy --verbose --sign B33825DDAC50AB66C55B4DA3C15966CE6DD7D7F1 --scan-executable /tmp/surveillance-survivor-launch-smoke-device-derived-data/Build/Products/Debug-iphoneos/SurveillanceSurvivorUITests-Runner.app/PlugIns/SurveillanceSurvivorUITests.xctest/SurveillanceSurvivorUITests --scan-folder /tmp/surveillance-survivor-launch-smoke-device-derived-data/Build/Products/Debug-iphoneos/SurveillanceSurvivorUITests-Runner.app/PlugIns/SurveillanceSurvivorUITests.xctest/Frameworks --scan-folder /tmp/surveillance-survivor-launch-smoke-device-derived-data/Build/Products/Debug-iphoneos/SurveillanceSurvivorUITests-Runner.app/PlugIns/SurveillanceSurvivorUITests.xctest/PlugIns --scan-folder /tmp/surveillance-survivor-launch-smoke-device-derived-data/Build/Products/Debug-iphoneos/SurveillanceSurvivorUITests-Runner.app/PlugIns/SurveillanceSurvivorUITests.xctest/SystemExtensions --scan-folder /tmp/surveillance-survivor-launch-smoke-device-derived-data/Build/Products/Debug-iphoneos/SurveillanceSurvivorUITests-Runner.app/PlugIns/SurveillanceSurvivorUITests.xctest/Extensions --platform iphoneos --toolchain /Applications/Xcode.app/Contents/Developer/Toolchains/XcodeDefault.xctoolchain --destination /tmp/surveillance-survivor-launch-smoke-device-derived-data/Build/Products/Debug-iphoneos/SurveillanceSurvivorUITests-Runner.app/PlugIns/SurveillanceSurvivorUITests.xctest/Frameworks --strip-bitcode --scan-executable /Applications/Xcode.app/Contents/Developer/Platforms/iPhoneOS.platform/Developer/usr/lib/libXCTestSwiftSupport.dylib --strip-bitcode-tool /Applications/Xcode.app/Contents/Developer/Toolchains/XcodeDefault.xctoolchain/usr/bin/bitcode_strip --emit-dependency-info /tmp/surveillance-survivor-launch-smoke-device-derived-data/Build/Intermediates.noindex/SurveillanceSurvivor.build/Debug-iphoneos/SurveillanceSurvivorUITests.build/SwiftStdLibToolInputDependencies.dep --filter-for-swift-os

ExtractAppIntentsMetadata (in target 'SurveillanceSurvivorUITests' from project 'SurveillanceSurvivor')
    cd /Users/appliedalchemylabs/Documents/Surveillance-Survivor
    /Applications/Xcode.app/Contents/Developer/Toolchains/XcodeDefault.xctoolchain/usr/bin/appintentsmetadataprocessor --toolchain-dir /Applications/Xcode.app/Contents/Developer/Toolchains/XcodeDefault.xctoolchain --module-name SurveillanceSurvivorUITests --sdk-root /Applications/Xcode.app/Contents/Developer/Platforms/iPhoneOS.platform/Developer/SDKs/iPhoneOS26.5.sdk --xcode-version 17F42 --platform-family iOS --deployment-target 18.0 --bundle-identifier life.zerostate.surveillancesurvivor.uitests --output /tmp/surveillance-survivor-launch-smoke-device-derived-data/Build/Products/Debug-iphoneos/SurveillanceSurvivorUITests-Runner.app/PlugIns/SurveillanceSurvivorUITests.xctest --target-triple arm64-apple-ios18.0 --binary-file /tmp/surveillance-survivor-launch-smoke-device-derived-data/Build/Products/Debug-iphoneos/SurveillanceSurvivorUITests-Runner.app/PlugIns/SurveillanceSurvivorUITests.xctest/SurveillanceSurvivorUITests --dependency-file /tmp/surveillance-survivor-launch-smoke-device-derived-data/Build/Intermediates.noindex/SurveillanceSurvivor.build/Debug-iphoneos/SurveillanceSurvivorUITests.build/Objects-normal/arm64/SurveillanceSurvivorUITests_dependency_info.dat --stringsdata-file /tmp/surveillance-survivor-launch-smoke-device-derived-data/Build/Intermediates.noindex/SurveillanceSurvivor.build/Debug-iphoneos/SurveillanceSurvivorUITests.build/Objects-normal/arm64/ExtractedAppShortcutsMetadata.stringsdata --source-file-list /tmp/surveillance-survivor-launch-smoke-device-derived-data/Build/Intermediates.noindex/SurveillanceSurvivor.build/Debug-iphoneos/SurveillanceSurvivorUITests.build/Objects-normal/arm64/SurveillanceSurvivorUITests.SwiftFileList --metadata-file-list /tmp/surveillance-survivor-launch-smoke-device-derived-data/Build/Intermediates.noindex/SurveillanceSurvivor.build/Debug-iphoneos/SurveillanceSurvivorUITests.build/SurveillanceSurvivorUITests.DependencyMetadataFileList --static-metadata-file-list /tmp/surveillance-survivor-launch-smoke-device-derived-data/Build/Intermediates.noindex/SurveillanceSurvivor.build/Debug-iphoneos/SurveillanceSurvivorUITests.build/SurveillanceSurvivorUITests.DependencyStaticMetadataFileList --swift-const-vals-list /tmp/surveillance-survivor-launch-smoke-device-derived-data/Build/Intermediates.noindex/SurveillanceSurvivor.build/Debug-iphoneos/SurveillanceSurvivorUITests.build/Objects-normal/arm64/SurveillanceSurvivorUITests.SwiftConstValuesFileList --compile-time-extraction --deployment-aware-processing --validate-assistant-intents --no-app-shortcuts-localization
2026-08-01 16:24:31.822 appintentsmetadataprocessor[47194:28856530] Starting appintentsmetadataprocessor export
2026-08-01 16:24:31.823 appintentsmetadataprocessor[47194:28856530] warning: Metadata extraction skipped. No AppIntents.framework dependency found.

CodeSign /tmp/surveillance-survivor-launch-smoke-device-derived-data/Build/Products/Debug-iphoneos/SurveillanceSurvivorUITests-Runner.app/PlugIns/SurveillanceSurvivorUITests.xctest (in target 'SurveillanceSurvivorUITests' from project 'SurveillanceSurvivor')
    cd /Users/appliedalchemylabs/Documents/Surveillance-Survivor
    
    Signing Identity:     "Apple Development: scrimshawlife@gmail.com (AK2K2HTTW2)"
    Provisioning Profile: "iOS Team Provisioning Profile: life.zerostate.surveillancesurvivor.uitests.xctrunner"
                          (f2d54cab-f13f-4eb8-9085-4f8a6d04b598)
    
    /usr/bin/codesign --force --sign B33825DDAC50AB66C55B4DA3C15966CE6DD7D7F1 --entitlements /tmp/surveillance-survivor-launch-smoke-device-derived-data/Build/Intermediates.noindex/SurveillanceSurvivor.build/Debug-iphoneos/SurveillanceSurvivorUITests.build/SurveillanceSurvivorUITests.xctest.xcent --timestamp\=none --generate-entitlement-der /tmp/surveillance-survivor-launch-smoke-device-derived-data/Build/Products/Debug-iphoneos/SurveillanceSurvivorUITests-Runner.app/PlugIns/SurveillanceSurvivorUITests.xctest

CodeSign /tmp/surveillance-survivor-launch-smoke-device-derived-data/Build/Products/Debug-iphoneos/SurveillanceSurvivorUITests-Runner.app (in target 'SurveillanceSurvivorUITests' from project 'SurveillanceSurvivor')
    cd /Users/appliedalchemylabs/Documents/Surveillance-Survivor
    
    Signing Identity:     "Apple Development: scrimshawlife@gmail.com (AK2K2HTTW2)"
    Provisioning Profile: "iOS Team Provisioning Profile: life.zerostate.surveillancesurvivor.uitests.xctrunner"
                          (f2d54cab-f13f-4eb8-9085-4f8a6d04b598)
    
    /usr/bin/codesign --force --sign B33825DDAC50AB66C55B4DA3C15966CE6DD7D7F1 --entitlements /tmp/surveillance-survivor-launch-smoke-device-derived-data/Build/Intermediates.noindex/SurveillanceSurvivor.build/Debug-iphoneos/SurveillanceSurvivorUITests.build/SurveillanceSurvivorUITests.xctest.xcent --timestamp\=none --generate-entitlement-der /tmp/surveillance-survivor-launch-smoke-device-derived-data/Build/Products/Debug-iphoneos/SurveillanceSurvivorUITests-Runner.app
/tmp/surveillance-survivor-launch-smoke-device-derived-data/Build/Products/Debug-iphoneos/SurveillanceSurvivorUITests-Runner.app: replacing existing signature

2026-08-01 16:24:34.037100-0700 SurveillanceSurvivorUITests-Runner[8359:3019925] [Default] Running tests...
    t =      nans Interface orientation changed to Portrait
Test Suite 'Selected tests' started at 2026-08-01 16:24:34.412.
Test Suite 'SurveillanceSurvivorUITests.xctest' started at 2026-08-01 16:24:34.413.
Test Suite 'LaunchShellUITests' started at 2026-08-01 16:24:34.413.
Test Case '-[SurveillanceSurvivorUITests.LaunchShellUITests testSplashAndStartMenuReachGameplayWithoutUITesting]' started.
    t =     0.00s Start Test at 2026-08-01 16:24:34.413
    t =     0.02s Set Up
    t =     0.02s Open life.zerostate.surveillancesurvivor
    t =     0.02s     Launch life.zerostate.surveillancesurvivor
2026-08-01 16:24:34.483 xcodebuild[47023:28855254] [MT] IDELaunchParametersSnapshot: The operation couldn’t be completed. (DebuggerLLDB.DebuggerVersionStore.StoreError error 0.)
2026-08-01 16:24:34.483 xcodebuild[47023:28855254] [MT] IDELaunchParametersSnapshot: no debugger version
    t =    14.08s         Interface orientation changed to Landscape Right
    t =    14.20s         Setting up automation session
    t =    14.27s         Wait for life.zerostate.surveillancesurvivor to idle
    t =    15.49s Wait for life.zerostate.surveillancesurvivor to become Running Foreground
    t =    17.00s Checking existence of `"splash-surface" Any`
    t =    17.01s     Requesting snapshot of accessibility hierarchy for app with pid 8360
    t =    17.12s     Find: Descendants matching type Any
    t =    17.12s     Find: Elements matching predicate '"splash-surface" IN identifiers'
    t =    17.13s Checking existence of `"splash-screen" Any`
    t =    17.13s     Requesting snapshot of accessibility hierarchy for app with pid 8360
    t =    17.19s     Find: Descendants matching type Any
    t =    17.19s     Find: Elements matching predicate '"splash-screen" IN identifiers'
    t =    17.20s Checking existence of `"title-screen" Any`
    t =    17.20s     Requesting snapshot of accessibility hierarchy for app with pid 8360
    t =    17.25s     Find: Descendants matching type Any
    t =    17.25s     Find: Elements matching predicate '"title-screen" IN identifiers'
    t =    17.26s     Find: Element at index 0
    t =    17.26s Find the Target Application 'life.zerostate.surveillancesurvivor'
    t =    17.26s     Requesting snapshot of accessibility hierarchy for app with pid 8360
    t =    17.41s Added attachment named 'launch-start-menu'
    t =    17.41s Checking existence of `"title-begin-run" Any`
    t =    17.41s     Requesting snapshot of accessibility hierarchy for app with pid 8360
    t =    17.47s     Find: Descendants matching type Any
    t =    17.47s     Find: Elements matching predicate '"title-begin-run" IN identifiers'
    t =    17.47s     Find: Element at index 0
    t =    17.47s Waiting 4.0s for "title-wordmark" Any to exist
    t =    18.51s     Checking `Expect predicate `existsNoRetry == 1` for object "title-wordmark" Any`
    t =    18.51s         Checking existence of `"title-wordmark" Any`
    t =    18.52s             Requesting snapshot of accessibility hierarchy for app with pid 8360
    t =    18.59s             Find: Descendants matching type Any
    t =    18.60s             Find: Elements matching predicate '"title-wordmark" IN identifiers'
    t =    18.60s             Find: Element at index 0
    t =    18.61s Waiting 8.0s for "title-begin-run" Button to exist
    t =    19.64s     Checking `Expect predicate `existsNoRetry == 1` for object "title-begin-run" Button`
    t =    19.64s         Checking existence of `"title-begin-run" Button`
    t =    19.64s             Requesting snapshot of accessibility hierarchy for app with pid 8360
    t =    19.73s Checking existence of `"title-begin-run" Button`
    t =    19.73s     Requesting snapshot of accessibility hierarchy for app with pid 8360
    t =    19.82s Find the "title-begin-run" Button
    t =    19.82s     Requesting snapshot of accessibility hierarchy for app with pid 8360
    t =    19.93s Tap "title-begin-run" Button
    t =    19.93s     Wait for life.zerostate.surveillancesurvivor to idle
    t =    19.93s     Find the "title-begin-run" Button
    t =    19.94s         Requesting snapshot of accessibility hierarchy for app with pid 8360
    t =    20.02s     Check for interrupting elements affecting "title-begin-run" Button
    t =    20.03s         Requesting snapshot of accessibility hierarchy for app with pid 8360
    t =    20.10s         Find: Descendants matching predicate identifier == "NotificationShortLookView" OR elementType == 7
    t =    20.10s     Synthesize event
    t =    20.41s     Wait for life.zerostate.surveillancesurvivor to idle
    t =    20.42s Checking existence of `"pause-run" Any`
    t =    20.43s     Requesting snapshot of accessibility hierarchy for app with pid 8360
    t =    20.46s     Find: Descendants matching type Any
    t =    20.46s     Find: Elements matching predicate '"pause-run" IN identifiers'
    t =    20.47s     Find: Element at index 0
    t =    20.47s Checking existence of `"control-chrome" Any`
    t =    20.48s     Requesting snapshot of accessibility hierarchy for app with pid 8360
    t =    20.51s     Find: Descendants matching type Any
    t =    20.51s     Find: Elements matching predicate '"control-chrome" IN identifiers'
    t =    20.52s     Find: Element at index 0
    t =    20.52s Find the Target Application 'life.zerostate.surveillancesurvivor'
    t =    20.52s     Requesting snapshot of accessibility hierarchy for app with pid 8360
    t =    20.67s Added attachment named 'launch-gameplay-after-begin'
    t =    20.67s Terminate life.zerostate.surveillancesurvivor:8360
    t =    20.87s     Interface orientation changed to Portrait
    t =    21.69s Tear Down
Test Case '-[SurveillanceSurvivorUITests.LaunchShellUITests testSplashAndStartMenuReachGameplayWithoutUITesting]' passed (21.722 seconds).
Test Suite 'LaunchShellUITests' passed at 2026-08-01 16:24:56.144.
	 Executed 1 test, with 0 failures (0 unexpected) in 21.722 (21.731) seconds
Test Suite 'SurveillanceSurvivorUITests.xctest' passed at 2026-08-01 16:24:56.146.
	 Executed 1 test, with 0 failures (0 unexpected) in 21.722 (21.733) seconds
Test Suite 'Selected tests' passed at 2026-08-01 16:24:56.146.
	 Executed 1 test, with 0 failures (0 unexpected) in 21.722 (21.734) seconds
2026-08-01 16:24:56.460 xcodebuild[47023:28855254] [MT] IDETestOperationsObserverDebug: 24.351 elapsed -- Testing started completed.
2026-08-01 16:24:56.460 xcodebuild[47023:28855254] [MT] IDETestOperationsObserverDebug: 0.000 sec, +0.000 sec -- start
2026-08-01 16:24:56.460 xcodebuild[47023:28855254] [MT] IDETestOperationsObserverDebug: 24.351 sec, +24.351 sec -- end

Test session results, code coverage, and logs:
	/Users/appliedalchemylabs/Documents/Surveillance-Survivor/.launch-smoke/LaunchShellUITests.xcresult

** TEST SUCCEEDED **

Testing started
status: pass
kind: launch-shell-smoke
only_testing: SurveillanceSurvivorUITests/LaunchShellUITests
result_bundle: /Users/appliedalchemylabs/Documents/Surveillance-Survivor/.launch-smoke/LaunchShellUITests.xcresult
started: 2026-08-01T23:23:57Z
ended: 2026-08-01T23:24:56Z
commit: 7c400e7
notes: Real splash + start menu (no -UITesting). Not ART/extract acceptance.
Wrote JSON receipt: /Users/appliedalchemylabs/Documents/Surveillance-Survivor/.launch-smoke/launch-smoke-receipt.json
Launch-shell smoke passed.
Artifacts under: /Users/appliedalchemylabs/Documents/Surveillance-Survivor/.launch-smoke
